customer_id,total_revenue,total_orders,avg_order_val,first_order,last_order,tenure_days,clv_score,Segment
AA-10315,5563.56,11,505.77818181818185,2014-03-31,2017-06-29,1186,51.60131534569984,At Risk
AA-10375,1056.39,15,70.426,2014-04-21,2017-12-11,1330,11.914172932330828,Loyal Customers
AA-10480,1790.5120000000002,12,149.20933333333335,2014-05-04,2017-04-15,1077,19.94999442896936,Cant Lose Them
AA-10645,5086.9349999999995,18,282.60749999999996,2014-06-22,2017-11-05,1232,74.32210227272726,Loyal Customers
AB-10015,886.156,6,147.69266666666667,2014-02-18,2016-11-10,996,5.338289156626506,Lost
AB-10060,7755.62,18,430.86777777777775,2015-09-18,2017-11-06,780,178.97584615384616,Loyal Customers
AB-10105,14473.570999999998,20,723.6785499999999,2014-12-20,2017-11-19,1065,271.80415023474177,Champions
AB-10150,966.71,12,80.55916666666667,2014-03-05,2017-11-19,1355,8.561269372693728,Loyal Customers
AB-10165,1113.838,14,79.55985714285714,2014-11-16,2017-12-05,1115,13.985409865470851,Loyal Customers
AB-10255,914.5319999999999,14,65.32371428571427,2014-07-22,2017-07-17,1091,11.735516040329973,At Risk
AB-10600,1515.862,8,189.48275,2014-11-18,2017-11-10,1088,11.14604411764706,New Customers
AC-10420,925.8,5,185.16,2014-07-12,2017-05-12,1035,4.472463768115942,Lost
AC-10450,5527.846,9,614.205111111111,2014-10-31,2017-12-19,1145,43.45031790393013,New Customers
AC-10615,2537.6859999999997,18,140.98255555555554,2015-09-15,2017-12-24,831,54.96792779783392,Loyal Customers
AC-10660,657.316,6,109.55266666666667,2014-10-15,2017-03-23,890,4.431343820224719,Lost
AD-10180,6106.88,12,508.9066666666667,2014-11-19,2017-12-01,1108,66.13949458483755,Loyal Customers
AF-10870,2052.908,16,128.30675,2015-12-06,2017-11-19,714,46.0035406162465,Loyal Customers
AF-10885,861.565,7,123.0807142857143,2014-05-10,2016-11-10,915,6.591207650273224,Lost
AG-10270,2582.898,14,184.4927142857143,2014-05-13,2017-03-27,1049,34.47146997140134,Cant Lose Them
AG-10300,367.548,5,73.5096,2014-04-26,2017-09-03,1226,1.4989722675367045,Lost
AG-10330,660.972,9,73.44133333333333,2016-08-03,2017-12-22,506,11.756418972332016,New Customers
AG-10390,200.945,8,25.118125,2014-04-19,2017-09-07,1237,1.2995634599838317,Lost
AG-10495,2356.855,21,112.23119047619048,2015-01-04,2017-10-13,1013,48.85879072063179,Loyal Customers
AG-10525,1455.038,9,161.6708888888889,2014-08-09,2015-09-07,394,33.23690862944162,Lost
AG-10675,3489.0396000000005,15,232.60264000000004,2015-05-07,2017-09-24,871,60.086789896670496,Loyal Customers
AG-10765,170.584,5,34.1168,2014-09-17,2017-10-14,1123,0.7595013357079252,Hibernating
AG-10900,4510.797,21,214.79985714285712,2014-07-23,2017-09-25,1160,81.66098017241379,Loyal Customers
AH-10030,1744.7,11,158.60909090909092,2014-04-22,2017-12-18,1336,14.365044910179643,Loyal Customers
AH-10075,3250.337,20,162.51685,2014-11-16,2017-11-26,1106,58.776437613019894,Champions
AH-10120,1735.5140000000001,16,108.46962500000001,2014-07-18,2017-10-31,1201,23.120919233971694,Loyal Customers
AH-10195,1587.452,8,198.4315,2015-03-05,2017-11-05,976,13.011901639344263,Hibernating
AH-10210,4805.344,13,369.64184615384613,2014-11-29,2017-12-24,1121,55.72655842997324,Loyal Customers
AH-10465,2495.3916,8,311.92395,2015-01-03,2017-05-14,862,23.159086774941994,Lost
AH-10585,738.504,5,147.70080000000002,2014-10-26,2017-12-09,1140,3.2390526315789474,New Customers
AH-10690,7888.294,23,342.9693043478261,2014-04-02,2016-11-15,958,189.38492901878914,Cant Lose Them
AI-10855,4375.786,18,243.09922222222224,2014-04-28,2017-12-17,1329,59.26572460496614,Champions
AJ-10780,4867.344,15,324.4896,2014-01-10,2017-10-16,1375,53.09829818181819,Loyal Customers
AJ-10795,4501.391,21,214.35195238095235,2014-05-14,2017-07-17,1160,81.49069913793103,At Risk
AJ-10945,1839.24,10,183.924,2014-03-03,2017-10-06,1313,14.007920792079208,Potential Loyalists
AJ-10960,629.2479999999999,5,125.84959999999998,2014-09-14,2017-10-17,1129,2.7867493356953057,Hibernating
AM-10360,814.012,12,67.83433333333333,2014-10-06,2017-12-02,1153,8.471937554206418,Loyal Customers
AM-10705,5664.022,22,257.4555454545455,2014-10-31,2017-07-21,994,125.36064788732394,At Risk
AO-10810,161.28,1,161.28,2016-08-16,2016-08-16,0,161.28,Lost
AP-10720,1638.554,19,86.23968421052632,2014-03-03,2017-11-19,1357,22.942170965364777,Loyal Customers
AP-10915,3323.556,31,107.21148387096774,2014-08-23,2017-09-23,1127,91.41990771960958,Loyal Customers
AR-10345,1055.694,5,211.1388,2014-12-30,2017-09-10,985,5.358852791878172,Lost
AR-10405,2236.128,7,319.44685714285714,2014-10-03,2017-08-27,1059,14.780827195467422,Lost
AR-10510,264.86400000000003,7,37.83771428571429,2014-05-02,2017-12-16,1324,1.4003383685800606,New Customers
AR-10540,6608.448,9,734.272,2014-11-25,2017-12-24,1125,52.867584,New Customers
AR-10570,88.15,2,44.075,2016-07-14,2016-07-14,0,176.3,Lost
AR-10825,4523.336,13,347.9489230769231,2014-06-30,2017-11-02,1221,48.16000655200655,Loyal Customers
AS-10045,3050.692,10,305.0692,2014-07-27,2017-10-03,1164,26.208694158075602,Potential Loyalists
AS-10090,3255.31,25,130.2124,2014-09-22,2017-12-02,1167,69.73671808054841,Champions
AS-10135,58.82,3,19.606666666666666,2016-11-13,2017-11-19,371,0.47563342318059304,New Customers
AS-10225,4260.784,13,327.75261538461535,2014-10-18,2017-12-08,1147,48.29136181342633,Loyal Customers
AS-10240,584.6080000000001,13,44.969846153846156,2014-03-15,2017-06-21,1194,6.365078726968175,At Risk
AS-10285,3214.236,8,401.7795,2016-05-21,2017-12-11,569,45.19136731107205,New Customers
AS-10630,833.398,12,69.44983333333333,2014-08-01,2017-09-29,1155,8.65868051948052,Loyal Customers
AT-10435,1171.814,9,130.20155555555556,2014-11-24,2017-12-09,1111,9.492642664266429,New Customers
AT-10735,3831.864,16,239.4915,2014-08-30,2017-12-17,1205,50.879521991701246,Champions
AW-10840,649.376,8,81.172,2015-04-13,2017-12-10,972,5.344658436213992,New Customers
AW-10930,2852.968,16,178.3105,2014-07-14,2017-11-14,1219,37.44666776045939,Champions
AY-10555,497.014,10,49.7014,2014-04-06,2017-12-16,1350,3.6815851851851855,New Customers
AZ-10750,1622.0179999999998,12,135.16816666666665,2014-03-17,2017-07-23,1224,15.902137254901959,At Risk
BB-10990,744.3399999999999,8,93.04249999999999,2014-07-27,2017-09-16,1147,5.191560592850915,Lost
BB-11545,6765.728,20,338.2864,2015-06-05,2017-12-02,911,148.53409440175633,Champions
BC-11125,2933.676,18,162.982,2014-07-06,2017-06-11,1071,49.30547899159664,At Risk
BD-11320,5718.521,19,300.9747894736842,2015-05-31,2017-11-27,911,119.26662897914379,Champions
BD-11500,4411.2429999999995,10,441.12429999999995,2014-02-01,2017-11-25,1393,31.667214644651825,New Customers
BD-11560,320.54,4,80.135,2015-05-30,2017-03-27,667,1.9222788605697152,Lost
BD-11605,3288.471,20,164.42355,2014-01-13,2017-09-24,1350,48.71808888888889,Loyal Customers
BD-11620,1538.11,8,192.26375,2014-06-30,2017-10-22,1210,10.169322314049586,Hibernating
BD-11635,582.646,5,116.52919999999999,2014-10-05,2017-12-21,1173,2.4835720375106565,New Customers
BD-11725,1526.5,10,152.65,2015-07-03,2017-09-28,818,18.661369193154034,Hibernating
BD-11770,658.466,10,65.8466,2016-03-10,2017-02-06,333,19.773753753753756,Lost
BE-11335,4204.676,9,467.1862222222223,2016-01-15,2017-09-02,596,63.493429530201354,Lost
BE-11410,2261.438,5,452.2876,2016-02-07,2017-09-23,594,19.0356734006734,Hibernating
BE-11455,1727.652,13,132.8963076923077,2015-08-02,2017-04-20,627,35.820535885167466,Cant Lose Them
BF-10975,599.798,13,46.13830769230769,2014-07-14,2017-09-30,1174,6.641715502555367,Loyal Customers
BF-11005,1333.88,10,133.388,2014-09-25,2017-11-21,1153,11.56877710320902,New Customers
BF-11020,2888.506,21,137.54790476190476,2014-02-15,2017-10-17,1340,45.267631343283576,Loyal Customers
BF-11080,272.95,6,45.49166666666667,2014-11-28,2017-12-05,1103,1.484768812330009,New Customers
BF-11170,5907.972,27,218.81377777777777,2014-04-13,2017-12-14,1341,118.9524563758389,Champions
BF-11215,1585.162,8,198.14525,2014-11-09,2017-10-26,1082,11.720236598890942,Hibernating
BF-11275,791.9899999999999,4,197.99749999999997,2014-03-22,2017-11-03,1322,2.3963388804841146,Hibernating
BG-11035,2798.948,12,233.24566666666666,2014-11-05,2017-12-02,1123,29.908616206589492,Loyal Customers
BG-11695,1874.172,8,234.2715,2014-05-11,2017-11-24,1293,11.595805104408353,New Customers
BG-11740,1006.356,7,143.76514285714285,2014-03-23,2017-11-03,1321,5.332696442089326,Hibernating
BH-11710,6255.351,24,260.63962499999997,2014-06-09,2017-12-07,1277,117.56337039937354,Champions
BK-11260,659.1379999999999,16,41.196124999999995,2014-08-03,2017-10-14,1168,9.029287671232876,Loyal Customers
BM-11140,11789.63,16,736.851875,2014-09-08,2017-02-26,902,209.12869179600887,Cant Lose Them
BM-11575,808.162,10,80.81620000000001,2015-09-15,2017-09-21,737,10.965563093622796,Hibernating
BM-11650,7294.185,29,251.5236206896552,2014-07-09,2017-11-27,1237,171.00352869846404,Champions
BM-11785,1338.842,14,95.63157142857143,2014-06-06,2017-05-26,1085,17.27538064516129,At Risk
BN-11470,265.296,6,44.216,2014-09-12,2017-12-06,1181,1.3478204911092293,New Customers
BN-11515,1459.344,17,85.84376470588235,2014-03-17,2017-12-21,1375,18.042798545454545,Loyal Customers
BO-11350,2682.728,12,223.56066666666666,2016-01-03,2017-08-15,590,54.563959322033895,At Risk
BO-11425,130.83,2,65.415,2015-09-10,2017-10-16,767,0.3411473272490222,Hibernating
BP-11050,983.42,7,140.48857142857142,2014-10-12,2017-10-08,1092,6.303974358974359,Hibernating
BP-11095,2442.044,20,122.1022,2014-06-07,2017-12-13,1285,38.008466926070035,Loyal Customers
BP-11155,1697.8609999999999,11,154.351,2015-06-04,2017-10-02,851,21.946499412455932,Loyal Customers
BP-11185,3675.861,18,204.2145,2015-03-24,2017-12-29,1011,65.44559643916914,Champions
BP-11230,1181.49,6,196.915,2014-04-20,2017-11-21,1311,5.407276887871854,New Customers
BP-11290,2475.157,16,154.6973125,2014-10-03,2017-12-18,1172,33.79053924914676,Loyal Customers
BS-11365,10501.653,9,1166.8503333333333,2014-05-04,2016-06-20,778,121.4844177377892,Lost
BS-11380,3887.834,13,299.06415384615383,2014-11-29,2017-12-02,1099,45.98893721565059,Loyal Customers
BS-11590,2454.928,10,245.4928,2014-01-14,2017-11-25,1411,17.398497519489723,New Customers
BS-11665,3288.1099999999997,11,298.91909090909087,2014-06-23,2016-05-27,704,51.376718749999995,Cant Lose Them
BS-11755,2562.382,14,183.0272857142857,2014-05-18,2017-12-29,1321,27.156205904617714,Loyal Customers
BS-11800,949.4300000000001,8,118.67875000000001,2015-09-26,2017-04-09,561,13.539108734402852,Lost
BT-11305,2567.656,9,285.2951111111111,2014-04-25,2017-01-28,1009,22.902778989098117,Lost
BT-11395,2186.6130000000003,10,218.66130000000004,2014-10-28,2017-03-03,857,25.51473745624271,Lost
BT-11440,603.876,7,86.268,2014-06-04,2016-06-18,745,5.6740026845637574,Lost
BT-11485,415.19599999999997,3,138.39866666666666,2015-12-27,2016-03-11,75,16.60784,Lost
BT-11530,2684.4919999999997,10,268.44919999999996,2014-05-21,2017-09-30,1228,21.860684039087946,Potential Loyalists
BT-11680,3196.752,20,159.8376,2014-11-28,2017-12-10,1108,57.703104693140794,Champions
BV-11245,1523.2730000000001,14,108.8052142857143,2015-03-26,2017-01-30,676,31.54707396449705,Cant Lose Them
BW-11065,385.516,3,128.50533333333334,2014-05-25,2017-06-01,1103,1.0485475974614689,Lost
BW-11110,4750.358,17,279.4328235294118,2015-03-20,2017-08-31,895,90.23026368715084,At Risk
BW-11200,1738.406,10,173.8406,2014-08-12,2017-06-10,1033,16.82871248789932,Lost
CA-11965,3789.7228,10,378.97228,2014-01-26,2017-09-25,1338,28.32378774289985,Potential Loyalists
CA-12055,1679.7240000000002,10,167.97240000000002,2015-09-05,2016-11-24,446,37.661973094170406,Lost
CA-12265,2648.2872,17,155.78160000000003,2014-03-25,2017-11-04,1320,34.10672909090909,Loyal Customers
CA-12310,1421.954,11,129.26854545454546,2014-07-19,2017-12-17,1247,12.543299117882919,Loyal Customers
CA-12775,3041.566,17,178.9156470588235,2014-06-28,2017-09-01,1161,44.53628079242033,At Risk
CB-12025,6076.139,26,233.69765384615386,2014-03-21,2017-11-13,1333,118.51433908477121,Champions
CB-12415,1949.2,12,162.43333333333334,2015-11-05,2017-12-04,760,30.77684210526316,Loyal Customers
CB-12535,4246.4555,19,223.49765789473685,2015-01-02,2017-06-16,896,90.04760546875,At Risk
CC-12100,1770.945,13,136.22653846153847,2014-12-16,2016-09-29,653,35.25617917304747,Cant Lose Them
CC-12145,2471.65,11,224.69545454545457,2014-07-20,2017-09-15,1153,23.580355594102343,At Risk
CC-12220,3913.418,22,177.88263636363638,2014-09-09,2017-12-10,1188,72.4707037037037,Champions
CC-12370,12129.072000000002,11,1102.6429090909094,2016-05-23,2017-11-17,543,245.70864088397795,Loyal Customers
CC-12430,2870.05,19,151.05526315789476,2015-09-06,2017-12-30,846,64.4573877068558,Champions
CC-12475,1659.438,13,127.64907692307693,2014-05-16,2017-11-21,1285,16.78808871595331,Loyal Customers
CC-12550,113.832,4,28.458,2017-06-15,2017-12-03,171,2.662736842105263,New Customers
CC-12610,2540.631,12,211.71925,2014-08-27,2017-11-26,1187,25.68455939342881,Loyal Customers
CC-12670,2269.7015,14,162.12153571428573,2014-12-23,2017-12-01,1074,29.586425512104285,Loyal Customers
CC-12685,2854.1150000000002,12,237.8429166666667,2014-03-22,2015-10-23,580,59.0506551724138,Cant Lose Them
CD-11920,2033.968,9,225.99644444444445,2014-03-24,2017-11-20,1337,13.691632011967092,New Customers
CD-11980,639.766,6,106.62766666666666,2016-11-24,2017-11-06,347,11.062236311239193,Hibernating
CD-12280,1205.584,13,92.73723076923078,2017-11-05,2017-11-18,13,1205.584,Loyal Customers
CD-12790,1860.732,15,124.0488,2014-02-02,2016-11-26,1028,27.150758754863812,Cant Lose Them
CG-12040,904.4680000000001,9,100.49644444444445,2015-06-01,2017-11-11,894,9.105382550335571,New Customers
CG-12520,1148.7800000000002,5,229.75600000000003,2015-10-15,2017-01-26,469,12.247121535181238,Lost
CH-12070,1537.236,4,384.309,2015-06-25,2016-02-08,228,26.969052631578947,Lost
CJ-11875,16.52,1,16.52,2016-12-30,2016-12-30,0,16.52,Lost
CJ-12010,11164.974,20,558.2487,2016-03-10,2017-06-24,471,474.09656050955414,At Risk
CK-12205,3154.855,32,98.58921875,2014-03-11,2017-11-21,1351,74.72639526276832,Champions
CK-12325,2945.321,12,245.44341666666665,2014-03-14,2017-09-01,1267,27.8957000789266,At Risk
CK-12595,2372.75,25,94.91,2014-12-26,2017-11-17,1057,56.119914853358566,Loyal Customers
CK-12760,1582.109,14,113.0077857142857,2014-02-07,2017-10-09,1340,16.529497014925372,Loyal Customers
CL-11890,1262.0140000000001,7,180.28771428571432,2014-07-26,2017-09-15,1147,7.701916303400175,Lost
CL-12565,10880.546,28,388.5909285714286,2014-03-04,2017-03-21,1113,273.724427672956,Cant Lose Them
CL-12700,2353.586,8,294.19825,2016-04-24,2017-09-16,510,36.91899607843137,Lost
CM-11815,1673.888,10,167.3888,2014-11-14,2017-08-21,1011,16.556755687438176,Lost
CM-11935,565.392,4,141.348,2015-09-24,2016-01-22,120,18.846400000000003,Lost
CM-12115,1661.6100000000001,7,237.37285714285716,2015-03-29,2017-12-22,999,11.642912912912914,New Customers
CM-12160,2533.314,7,361.902,2016-10-21,2017-12-04,409,43.35745232273838,New Customers
CM-12190,1475.144,7,210.73485714285715,2015-09-18,2017-12-22,826,12.501220338983051,New Customers
CM-12235,2305.712,8,288.214,2016-05-01,2016-12-10,223,82.71612556053812,Lost
CM-12385,8954.019999999999,10,895.4019999999998,2015-03-16,2017-11-23,983,91.08870803662258,New Customers
CM-12445,287.99,9,31.99888888888889,2014-06-09,2016-10-20,864,2.9998958333333334,Lost
CM-12655,6339.5576,10,633.95576,2015-03-19,2017-12-03,990,64.03593535353536,New Customers
CM-12715,3984.4524,13,306.49633846153847,2014-03-07,2015-03-01,359,144.28379164345404,Cant Lose Them
CP-12085,5402.254,14,385.8752857142857,2014-12-04,2017-10-09,1040,72.72265,Loyal Customers
CP-12340,5888.275,15,392.5516666666666,2014-03-17,2017-07-23,1224,72.16023284313725,At Risk
CR-12580,2148.852,6,358.142,2016-04-18,2017-11-03,564,22.860127659574466,Hibernating
CR-12625,475.9,4,118.975,2014-06-01,2016-09-16,838,2.271599045346062,Lost
CR-12730,1600.55,6,266.7583333333333,2014-08-20,2017-10-13,1150,8.350695652173913,Hibernating
CR-12820,1397.8724,7,199.69605714285714,2015-01-24,2017-10-06,986,9.924043407707911,Hibernating
CS-11845,1278.954,8,159.86925,2014-12-14,2017-09-30,1021,10.021187071498531,Hibernating
CS-11860,537.632,7,76.80457142857142,2014-05-02,2017-07-21,1176,3.2001904761904756,Lost
CS-11950,3036.547,22,138.02486363636365,2014-06-08,2017-12-05,1276,52.354258620689656,Champions
CS-12130,884.64,7,126.37714285714286,2014-08-05,2016-08-28,754,8.212838196286471,Lost
CS-12175,844.4580000000001,8,105.55725000000001,2014-08-12,2017-05-12,1004,6.728749003984064,Lost
CS-12250,2754.216,28,98.36485714285713,2014-01-13,2017-12-04,1421,54.270266009852214,Champions
CS-12355,3202.1620000000003,22,145.5528181818182,2014-08-15,2017-12-24,1227,57.41447758761206,Champions
CS-12400,3651.8585000000003,14,260.8470357142857,2014-09-26,2017-12-28,1189,42.99917493692179,Champions
CS-12460,550.644,6,91.774,2017-07-03,2017-12-03,153,21.593882352941176,New Customers
CS-12490,1077.2285,9,119.69205555555556,2015-01-12,2016-11-01,659,14.711770106221547,Lost
CS-12505,5690.054999999999,9,632.2283333333332,2014-03-26,2017-11-02,1317,38.88420273348519,Potential Loyalists
CT-11995,3241.898,18,180.10544444444446,2014-05-07,2017-09-25,1237,47.17394017784964,Loyal Customers
CV-12295,2830.6279999999997,13,217.74061538461535,2014-03-28,2017-04-20,1119,32.88486505808758,Cant Lose Them
CV-12805,2370.3136,19,124.75334736842105,2016-05-09,2017-12-25,595,75.69068638655462,Loyal Customers
CW-11905,1136.592,11,103.32654545454547,2014-06-09,2017-12-08,1278,9.78287323943662,Loyal Customers
CY-12745,2900.026,11,263.63872727272724,2014-12-12,2017-10-31,1054,30.265925996204935,Loyal Customers
Co-12640,1300.076,8,162.5095,2014-06-20,2016-06-29,740,14.054875675675676,Lost
DA-13450,156.76,8,19.595,2014-04-25,2017-01-12,993,1.2629204431017118,Lost
DB-12910,2171.599,12,180.96658333333335,2014-10-24,2017-12-09,1142,22.81890367775832,Loyal Customers
DB-12970,2839.2272,14,202.80194285714285,2014-11-12,2017-05-03,903,44.019026356589144,Cant Lose Them
DB-13060,4531.646,13,348.58815384615383,2014-03-01,2017-12-14,1384,42.56603901734104,Loyal Customers
DB-13120,2973.094,14,212.36385714285714,2015-05-01,2017-11-12,926,44.94958531317495,Champions
DB-13210,2332.577,21,111.07509523809524,2015-03-22,2017-12-21,1005,48.74041492537314,Loyal Customers
DB-13270,4655.897,13,358.14592307692305,2014-02-04,2017-11-07,1372,44.11564212827989,Loyal Customers
DB-13360,1081.466,6,180.24433333333332,2014-11-19,2017-04-10,873,7.432756013745704,Lost
DB-13405,1711.692,14,122.26371428571429,2015-08-08,2017-06-26,688,34.83094186046512,At Risk
DB-13555,3908.8028,14,279.2002,2014-04-21,2017-09-14,1242,44.06057906602254,At Risk
DB-13615,1989.05,11,180.82272727272726,2014-09-30,2017-11-27,1154,18.959748700173307,Loyal Customers
DB-13660,1155.202,10,115.5202,2014-06-17,2017-12-18,1280,9.025015625,New Customers
DC-12850,3336.168,18,185.34266666666667,2014-07-05,2017-11-23,1237,48.545694421988685,Champions
DC-13285,1174.618,7,167.8025714285714,2014-12-29,2017-12-07,1074,7.655797020484171,New Customers
DD-13570,269.542,9,29.949111111111108,2014-03-31,2017-11-19,1329,1.82534085778781,New Customers
DE-13255,2550.874,9,283.43044444444445,2014-08-22,2016-01-11,507,45.28178698224852,Lost
DF-13135,2390.534,6,398.42233333333337,2014-10-04,2016-01-30,483,29.69607453416149,Lost
DG-13300,3195.818,8,399.47725,2014-11-01,2017-11-28,1123,22.766290293855743,New Customers
DH-13075,4932.872,23,214.47269565217394,2014-11-21,2017-03-28,858,132.2331655011655,Cant Lose Them
DH-13675,1043.096,11,94.8269090909091,2014-08-12,2015-11-15,460,24.9436,Cant Lose Them
DJ-13420,2012.52,5,402.504,2014-12-08,2016-04-02,481,20.92016632016632,Lost
DJ-13510,2501.6879999999996,13,192.43753846153842,2014-08-17,2017-11-12,1183,27.49107692307692,Loyal Customers
DJ-13630,3356.398,8,419.54975,2015-12-14,2017-12-18,735,36.5322231292517,New Customers
DK-12835,3256.48,27,120.61037037037038,2014-03-26,2017-12-09,1354,64.93719350073856,Champions
DK-12895,4282.176,15,285.4784,2015-03-08,2017-11-15,983,65.34347914547305,Champions
DK-12985,1687.04,8,210.88,2014-11-24,2017-12-23,1125,11.996728888888889,New Customers
DK-13090,2650.557,13,203.88899999999998,2015-03-02,2017-11-18,992,34.73512197580645,Loyal Customers
DK-13150,797.832,5,159.5664,2014-12-05,2017-12-20,1111,3.5906030603060306,New Customers
DK-13225,4802.394,19,252.75757894736844,2014-03-14,2017-12-20,1377,66.26396949891068,Champions
DK-13375,3318.486,23,144.28199999999998,2014-09-07,2017-12-11,1191,64.08495214105793,Champions
DL-12865,1503.112,14,107.36514285714286,2014-06-29,2017-09-21,1180,17.833532203389833,Loyal Customers
DL-12925,3272.2,14,233.72857142857143,2014-09-09,2017-11-03,1151,39.800868809730666,Loyal Customers
DL-13315,1458.258,17,85.77988235294117,2014-01-16,2017-12-08,1422,17.433464135021097,Loyal Customers
DL-13330,585.02,8,73.1275,2014-06-23,2017-11-03,1229,3.8081041497152155,Hibernating
DL-13495,3539.322,12,294.94350000000003,2015-12-25,2017-10-15,660,64.35130909090908,Loyal Customers
DM-12955,1322.034,9,146.89266666666668,2014-09-30,2017-09-07,1073,11.088821994408201,Lost
DM-13015,6345.103,20,317.25515,2014-09-14,2017-11-03,1146,110.73478184991274,Loyal Customers
DM-13345,4074.4719999999998,13,313.42092307692303,2014-11-03,2017-12-08,1131,46.83301149425287,Loyal Customers
DM-13525,1376.792,10,137.67919999999998,2014-07-05,2016-09-05,793,17.361815889029003,Lost
DN-13690,2139.79,11,194.52636363636364,2014-09-20,2017-05-27,980,24.018051020408162,At Risk
DO-13435,1300.0315,13,100.00242307692308,2014-10-03,2017-08-19,1051,16.08031351094196,At Risk
DO-13645,1267.316,11,115.21054545454545,2015-11-07,2017-12-04,758,18.391129287598943,Loyal Customers
DP-13000,1050.636,17,61.80211764705882,2014-01-03,2017-08-26,1331,13.419092411720511,At Risk
DP-13105,2215.002,14,158.21442857142856,2015-08-22,2017-12-24,855,36.26903859649123,Loyal Customers
DP-13165,1058.616,4,264.654,2014-12-02,2015-10-10,312,13.572,Lost
DP-13390,5480.723999999999,14,391.4802857142857,2014-07-05,2017-01-06,916,83.76652401746723,Cant Lose Them
DR-12880,6528.034000000001,24,272.00141666666667,2015-09-25,2017-12-27,824,190.13691262135924,Champions
DR-12940,8350.868,13,642.3744615384616,2014-03-28,2017-11-10,1323,82.05690400604688,Loyal Customers
DS-13030,1762.213,19,92.74805263157894,2014-07-09,2017-09-28,1177,28.446938827527614,Loyal Customers
DS-13180,2881.8128,20,144.09064,2014-04-28,2017-12-07,1319,43.69693404094011,Champions
DV-13045,1119.483,9,124.387,2016-06-12,2017-12-11,547,18.41928153564899,New Customers
DV-13465,3341.587,15,222.77246666666667,2014-06-22,2017-12-01,1258,39.844042130365665,Champions
DW-13195,1080.751,9,120.08344444444444,2014-01-18,2017-10-22,1373,7.084310997815003,Hibernating
DW-13480,5271.628,11,479.2389090909091,2014-06-01,2017-05-27,1091,53.15115307057745,At Risk
DW-13540,344.08,9,38.23111111111111,2016-02-27,2017-09-23,574,5.3949825783972125,Hibernating
DW-13585,1204.854,10,120.4854,2014-08-24,2017-05-02,982,12.269389002036661,Lost
Dl-13600,755.602,6,125.93366666666667,2014-03-30,2017-09-02,1252,3.621095846645367,Lost
Dp-13240,7198.7609999999995,29,248.23313793103446,2014-05-26,2017-10-07,1230,169.72688536585366,Loyal Customers
EA-14035,2846.705,25,113.8682,2014-09-13,2017-07-31,1052,67.6498336501901,At Risk
EB-13705,3644.978,12,303.7481666666667,2014-07-08,2017-11-12,1223,35.764297628781684,Loyal Customers
EB-13750,3236.314,20,161.8157,2015-03-12,2017-11-25,989,65.44618806875631,Champions
EB-13840,4358.128,8,544.766,2014-05-30,2017-10-01,1220,28.57788852459016,Potential Loyalists
EB-13870,2767.219,11,251.56536363636363,2014-05-05,2017-09-21,1235,24.647294736842102,Loyal Customers
EB-13930,944.6000000000001,7,134.94285714285715,2014-02-02,2017-07-22,1266,5.222906793048974,Lost
EB-13975,1643.255,6,273.87583333333333,2016-01-04,2017-12-30,726,13.580619834710745,New Customers
EB-14110,3071.126,11,279.19327272727276,2015-04-13,2017-09-08,879,38.432748577929466,At Risk
EB-14170,1186.326,7,169.47514285714286,2014-09-29,2017-10-09,1106,7.508392405063291,Hibernating
EC-14050,461.914,7,65.98771428571429,2014-12-17,2017-11-07,1056,3.061929924242424,New Customers
ED-13885,3484.92,14,248.92285714285714,2014-08-09,2017-08-17,1104,44.19282608695652,At Risk
EG-13900,1832.02,9,203.55777777777777,2015-11-02,2017-12-08,767,21.49697522816167,New Customers
EH-13765,10310.880000000001,32,322.21500000000003,2014-04-12,2017-08-17,1223,269.7859035159444,At Risk
EH-13945,684.1709999999999,17,40.24535294117646,2014-07-02,2017-05-27,1060,10.972553773584904,At Risk
EH-13990,825.9499999999999,8,103.24374999999999,2014-01-15,2016-11-20,1040,6.353461538461539,Lost
EH-14005,1219.53,11,110.86636363636363,2014-05-13,2017-12-28,1325,10.1244,Loyal Customers
EH-14125,3082.653,18,171.2585,2014-10-19,2017-07-31,1016,54.6139311023622,At Risk
EH-14185,923.884,8,115.4855,2014-05-22,2017-09-16,1213,6.0932168178070905,Lost
EJ-13720,2162.174,8,270.27175,2014-01-27,2017-03-03,1131,15.293892130857648,Lost
EJ-14155,2656.691,8,332.086375,2014-03-03,2017-11-03,1341,15.849014168530944,Potential Loyalists
EK-13795,1303.478,4,325.8695,2014-03-18,2017-11-16,1339,3.893884988797611,New Customers
EL-13735,124.28,2,62.14,2016-04-22,2017-10-14,540,0.4602962962962963,Hibernating
EM-13810,2567.0099999999998,7,366.7157142857142,2015-06-07,2017-08-20,805,22.32182608695652,Lost
EM-13825,2339.598,16,146.224875,2014-12-02,2017-11-05,1069,35.01736950420954,Loyal Customers
EM-13960,933.704,6,155.61733333333333,2015-10-01,2017-08-01,670,8.361528358208956,Lost
EM-14065,228.99,6,38.165,2014-07-22,2017-11-13,1210,1.1354876033057852,New Customers
EM-14095,1041.0420000000001,10,104.10420000000002,2015-08-07,2017-09-08,763,13.644062909567499,Lost
EM-14140,4588.436000000001,21,218.49695238095242,2014-07-19,2017-11-12,1212,79.50260396039606,Champions
EM-14200,366.822,4,91.7055,2015-12-20,2017-07-25,583,2.516789022298456,Lost
EN-13780,2199.366,9,244.374,2015-05-30,2017-03-18,658,30.08251367781155,Lost
EP-13915,5478.0608,31,176.71163870967743,2014-07-06,2017-12-18,1261,134.67080475812847,Champions
ER-13855,1245.788,5,249.1576,2015-12-21,2016-11-04,319,19.526457680250783,Lost
ES-14020,3510.4579999999996,8,438.80724999999995,2014-09-20,2017-11-20,1157,24.272829732065684,New Customers
ES-14080,4657.924,20,232.8962,2014-10-02,2017-12-02,1157,80.51726879861712,Champions
FA-14230,2984.054,17,175.53258823529413,2014-09-19,2017-09-24,1101,46.075311534968215,Loyal Customers
FC-14245,3418.742,14,244.19585714285716,2015-06-13,2017-10-21,861,55.58930081300814,Loyal Customers
FC-14335,3889.366,10,388.9366,2014-10-10,2017-06-29,993,39.16783484390735,Lost
FG-14260,1383.144,11,125.74036363636364,2014-05-21,2017-11-26,1285,11.840143190661479,Loyal Customers
FH-14275,4256.272,21,202.67961904761904,2014-04-06,2017-11-23,1327,67.35622607385079,Champions
FH-14350,2271.284,14,162.23457142857143,2015-08-23,2017-06-01,648,49.07095061728395,At Risk
FH-14365,6987.196,13,537.4766153846153,2014-10-20,2017-12-25,1162,78.17000688468158,Loyal Customers
FM-14215,2456.638,15,163.77586666666667,2014-03-11,2017-12-23,1383,26.64466377440347,Loyal Customers
FM-14290,3736.198,20,186.8099,2014-08-26,2017-11-24,1186,63.005025295109604,Champions
FM-14380,2523.266,14,180.23328571428573,2015-07-12,2017-08-07,757,46.66542140026421,At Risk
FO-14305,2678.438,15,178.56253333333333,2014-06-09,2017-11-22,1262,31.835633914421557,Loyal Customers
FP-14320,4046.746,14,289.0532857142857,2014-12-07,2017-12-07,1096,51.692010948905114,Champions
FW-14395,79.75,3,26.583333333333332,2015-03-22,2017-01-02,652,0.3669478527607362,Lost
GA-14515,3919.7760000000003,14,279.98400000000004,2014-05-18,2017-08-03,1173,46.7833452685422,At Risk
GA-14725,1398.382,22,63.56281818181819,2014-02-11,2017-12-25,1413,21.772401981599433,Loyal Customers
GB-14530,1568.44,20,78.422,2014-04-28,2017-10-29,1280,24.506875,Loyal Customers
GB-14575,4716.288,16,294.768,2015-06-12,2017-12-17,919,82.11165179542981,Champions
GD-14590,1888.07,6,314.67833333333334,2014-05-05,2017-12-25,1330,8.51760902255639,New Customers
GG-14650,2224.0,24,92.66666666666667,2014-10-31,2017-11-17,1113,47.956873315363886,Loyal Customers
GH-14410,2819.4669999999996,17,165.85099999999997,2014-07-09,2017-10-16,1195,40.10957238493724,Loyal Customers
GH-14425,4172.8460000000005,10,417.28460000000007,2014-06-17,2017-11-10,1242,33.59779388083736,New Customers
GH-14485,1361.2440000000001,3,453.74800000000005,2015-10-08,2016-12-08,427,9.563775175644029,Lost
GH-14665,146.94080000000002,3,48.98026666666667,2015-11-17,2017-12-28,772,0.5710134715025907,New Customers
GK-14620,6497.27,14,464.09071428571434,2014-06-25,2017-09-09,1172,77.61244027303755,At Risk
GM-14440,3582.8199999999997,11,325.71090909090907,2014-03-21,2017-10-08,1297,30.386291441788742,Loyal Customers
GM-14455,3078.624,12,256.55199999999996,2014-04-11,2017-12-14,1343,27.508181682799698,Loyal Customers
GM-14500,1255.682,13,96.59092307692308,2014-08-09,2017-09-15,1133,14.407648720211828,At Risk
GM-14680,3163.628,11,287.60254545454546,2014-05-10,2017-07-31,1178,29.541517826825128,At Risk
GM-14695,6049.966,11,549.9969090909091,2014-04-05,2017-09-04,1248,53.32502083333333,At Risk
GP-14740,236.53,5,47.306,2014-04-06,2015-11-26,599,1.9743739565943237,Lost
GR-14560,1284.38,5,256.87600000000003,2014-11-19,2014-11-21,2,3210.9500000000003,Lost
GT-14635,9351.212,6,1558.5353333333333,2014-06-06,2017-11-04,1247,44.9938027265437,Hibernating
GT-14710,11820.119999999999,29,407.5903448275862,2014-05-23,2017-11-24,1281,267.5905386416862,Champions
GT-14755,226.436,7,32.348,2015-02-18,2017-11-26,1012,1.5662569169960474,New Customers
GW-14605,2189.019,9,243.2243333333333,2014-03-01,2017-12-02,1372,14.359454081632652,New Customers
GZ-14470,4355.150000000001,14,311.0821428571429,2014-08-05,2017-12-23,1236,49.33017799352752,Champions
GZ-14545,2454.6220000000003,5,490.92440000000005,2014-09-28,2017-07-26,1032,11.892548449612404,Lost
HA-14905,2163.3,10,216.33,2014-06-30,2017-10-22,1210,17.878512396694216,Potential Loyalists
HA-14920,2584.158,18,143.56433333333334,2014-10-11,2017-12-10,1156,40.23775432525951,Loyal Customers
HD-14785,251.36,7,35.90857142857143,2014-05-11,2015-11-22,560,3.1420000000000003,Lost
HE-14800,883.5319999999999,11,80.3210909090909,2016-01-30,2017-12-18,688,14.126238372093022,Loyal Customers
HF-14995,2533.1639999999998,19,133.32442105263158,2014-05-26,2017-12-09,1293,37.22360092807424,Loyal Customers
HG-14845,785.628,10,78.56280000000001,2014-04-29,2017-11-06,1287,6.1043356643356645,Hibernating
HG-14965,3247.642,17,191.03776470588235,2014-09-20,2017-12-07,1174,47.027183986371384,Champions
HG-15025,3690.284,11,335.4803636363636,2014-10-14,2017-12-24,1167,34.78416795201371,Loyal Customers
HH-15010,218.668,6,36.44466666666667,2014-08-29,2017-10-19,1147,1.1438605056669573,Hibernating
HJ-14875,358.1,6,59.68333333333334,2015-04-13,2017-08-26,866,2.481062355658199,Lost
HK-14890,4877.784,15,325.18559999999997,2014-06-10,2017-08-01,1148,63.73411149825784,At Risk
HL-15040,12873.297999999999,11,1170.2998181818182,2014-01-20,2017-11-17,1397,101.36455118110236,Loyal Customers
HM-14860,8236.7648,20,411.83824000000004,2014-07-21,2017-12-28,1256,131.15867515923568,Champions
HM-14980,736.276,7,105.18228571428571,2015-10-02,2017-04-27,573,8.99464572425829,Lost
HP-14815,1990.314,10,199.03140000000002,2014-05-06,2017-11-30,1304,15.263144171779143,New Customers
HR-14770,1299.288,13,99.94523076923078,2014-03-01,2017-12-17,1387,12.177897620764238,Loyal Customers
HR-14830,5248.787,14,374.91335714285714,2014-11-24,2017-07-24,973,75.52211510791368,At Risk
HW-14935,9300.254,20,465.01270000000005,2015-09-27,2017-09-04,708,262.71903954802264,At Risk
HZ-14950,886.52,6,147.75333333333333,2016-03-14,2017-11-25,621,8.565410628019324,New Customers
IG-15085,744.574,7,106.36771428571429,2014-10-18,2017-10-20,1098,4.746828779599271,Hibernating
IL-15100,5040.736,14,360.0525714285714,2014-08-01,2017-08-10,1105,63.86452850678733,At Risk
IM-15055,2872.63,4,718.1575,2014-01-23,2016-11-16,1028,11.177548638132297,Lost
IM-15070,4930.474,21,234.7844761904762,2014-12-19,2016-12-05,717,144.40718828451884,Cant Lose Them
JA-15970,6491.026,24,270.45941666666664,2014-09-17,2017-09-29,1108,140.59984115523466,Loyal Customers
JB-15400,1791.605,16,111.9753125,2014-09-14,2017-12-23,1196,23.967959866220735,Loyal Customers
JB-15925,900.552,8,112.569,2014-12-05,2015-12-24,384,18.761499999999998,Lost
JB-16000,644.1188,7,92.01697142857142,2016-01-10,2017-11-17,677,6.6600171344165435,New Customers
JB-16045,2518.115,9,279.79055555555556,2015-05-03,2017-12-23,965,23.485010362694297,New Customers
JC-15340,71.263,4,17.81575,2014-01-28,2017-09-07,1318,0.21627617602427923,Lost
JC-15385,1058.108,4,264.527,2017-07-08,2017-07-08,0,4232.432,Lost
JC-15775,2772.055,16,173.2534375,2014-09-14,2017-07-25,1045,42.44294736842105,At Risk
JC-16105,858.576,9,95.39733333333334,2014-11-18,2017-11-03,1081,7.148181313598521,Hibernating
JD-15790,2152.352,7,307.4788571428571,2015-04-02,2017-09-04,886,17.005038374717834,Lost
JD-15895,7610.8640000000005,32,237.83950000000002,2014-03-26,2016-12-01,981,248.2646768603466,Cant Lose Them
JD-16015,385.43,11,35.03909090909091,2014-10-04,2017-09-09,1071,3.9586647992530346,At Risk
JD-16060,695.442,6,115.907,2014-09-24,2017-03-05,893,4.672622620380739,Lost
JD-16150,8828.0305,17,519.2959117647059,2014-11-16,2017-11-19,1099,136.55734167424933,Champions
JE-15475,1388.682,13,106.8216923076923,2015-03-16,2017-06-20,827,21.829342200725513,At Risk
JE-15610,7754.976,20,387.74879999999996,2014-10-14,2017-11-12,1125,137.86624,Champions
JE-15715,8697.842999999999,22,395.3564999999999,2014-08-25,2017-11-14,1177,162.57650467289716,Champions
JE-15745,6760.8150000000005,23,293.9484782608696,2014-06-22,2017-11-09,1236,125.80804611650487,Champions
JE-16165,2697.248,7,385.3211428571429,2016-12-05,2017-12-10,370,51.02901621621622,New Customers
JF-15190,2279.5860000000002,19,119.9782105263158,2014-11-15,2017-10-26,1076,40.25291263940521,Loyal Customers
JF-15295,955.124,14,68.22314285714286,2014-03-14,2017-05-19,1162,11.507518072289157,Cant Lose Them
JF-15355,1911.844,16,119.49025,2015-10-23,2017-09-16,694,44.077095100864554,At Risk
JF-15415,2371.448,14,169.38914285714284,2014-06-17,2017-12-28,1290,25.73664496124031,Loyal Customers
JF-15490,1082.918,15,72.19453333333333,2014-10-19,2017-08-31,1047,15.514584527220629,At Risk
JF-15565,4198.332,16,262.39575,2014-10-11,2017-11-06,1122,59.869262032085565,Loyal Customers
JG-15115,2358.676,7,336.9537142857143,2014-09-21,2015-12-03,438,37.695735159817346,Lost
JG-15160,6366.392,18,353.68844444444443,2014-05-30,2017-12-29,1309,87.54396944232238,Champions
JG-15310,2240.58,11,203.6890909090909,2016-03-03,2017-12-28,665,37.06222556390977,Loyal Customers
JG-15805,1507.018,9,167.44644444444444,2014-04-05,2017-05-21,1142,11.87667425569177,Lost
JH-15430,309.281,7,44.183,2014-02-24,2017-12-25,1400,1.546405,New Customers
JH-15820,528.91,8,66.11375,2014-05-19,2017-07-09,1147,3.6889973844812554,Lost
JH-15910,959.477,9,106.60855555555555,2015-06-12,2017-11-19,891,9.691686868686869,New Customers
JH-15985,7954.9980000000005,14,568.2141428571429,2014-08-09,2017-12-01,1210,92.04129917355372,Champions
JH-16180,2256.3940000000002,5,451.27880000000005,2015-05-25,2016-11-21,546,20.662948717948723,Lost
JJ-15445,709.178,6,118.19633333333333,2015-03-05,2016-09-03,548,7.7647226277372265,Lost
JJ-15760,195.0,3,65.0,2015-10-05,2015-12-08,64,9.140625,Lost
JK-15205,4427.142,13,340.5493846153846,2014-07-11,2017-10-30,1207,47.68255675227837,Loyal Customers
JK-15325,383.812,4,95.953,2014-11-21,2017-03-18,848,1.810433962264151,Lost
JK-15370,2709.632,17,159.39011764705882,2014-04-11,2017-11-16,1315,35.029463117870726,Loyal Customers
JK-15625,3760.028,12,313.33566666666667,2014-05-31,2017-10-30,1248,36.15411538461539,Loyal Customers
JK-15640,4760.434,12,396.70283333333333,2014-09-19,2017-07-03,1018,56.11513555992142,At Risk
JK-15730,4867.2,20,243.35999999999999,2014-11-18,2017-10-07,1054,92.35673624288424,Loyal Customers
JK-16090,3747.668,9,416.4075555555556,2015-04-21,2017-12-02,956,35.28139330543933,New Customers
JK-16120,2932.484,17,172.4990588235294,2014-11-02,2017-09-04,1037,48.07350819672131,At Risk
JL-15130,1214.956,12,101.24633333333333,2014-07-18,2017-12-22,1253,11.635652035115722,Loyal Customers
JL-15175,1571.523,7,224.5032857142857,2014-12-31,2017-12-24,1089,10.101617079889806,New Customers
JL-15235,2203.7,10,220.36999999999998,2014-05-25,2017-09-02,1196,18.425585284280935,Lost
JL-15505,3173.874,17,186.6984705882353,2014-11-14,2017-11-11,1093,49.36492040256176,Champions
JL-15835,9799.923,34,288.23302941176473,2014-04-18,2017-12-09,1331,250.33612471825697,Champions
JL-15850,2725.256,11,247.75054545454543,2014-07-22,2016-04-25,643,46.62179782270606,Cant Lose Them
JM-15250,3159.1220000000003,19,166.26957894736844,2016-03-29,2017-11-23,604,99.37635430463577,Champions
JM-15265,1804.146,13,138.78046153846154,2014-08-25,2017-11-23,1186,19.775630691399662,Loyal Customers
JM-15535,1733.443,10,173.3443,2014-09-13,2017-09-19,1102,15.729972776769511,Hibernating
JM-15580,303.948,7,43.421142857142854,2016-04-14,2017-12-30,625,3.4042175999999995,New Customers
JM-15655,864.947,12,72.07891666666667,2014-04-08,2017-12-22,1354,7.665704579025111,Loyal Customers
JM-15865,7625.076000000001,13,586.5443076923077,2014-11-19,2017-09-12,1028,96.42605836575876,At Risk
JM-16195,2833.9260000000004,19,149.15400000000002,2014-04-30,2017-11-03,1283,41.96772720187062,Loyal Customers
JO-15145,3254.949,13,250.3806923076923,2014-01-06,2017-11-03,1397,30.289432355046525,Loyal Customers
JO-15280,1934.272,11,175.84290909090907,2014-03-31,2017-09-29,1278,16.648663536776212,Loyal Customers
JO-15550,1090.838,11,99.1670909090909,2015-03-19,2017-05-29,802,14.961618453865336,At Risk
JP-15460,1669.135,15,111.27566666666667,2014-08-24,2017-11-23,1187,21.092691659646167,Loyal Customers
JP-15520,3635.594,16,227.224625,2014-08-22,2017-12-22,1218,47.758213464696226,Champions
JP-16135,1707.71,13,131.3623076923077,2014-09-23,2017-09-19,1092,20.32988095238095,Loyal Customers
JR-15670,1156.658,3,385.55266666666665,2015-12-24,2016-05-16,144,24.097041666666662,Lost
JR-15700,863.88,1,863.88,2017-10-23,2017-10-23,0,863.88,Hibernating
JR-16210,2201.686,10,220.16860000000003,2015-09-18,2017-11-27,801,27.486716604244695,New Customers
JS-15595,1417.654,8,177.20675,2014-03-03,2017-09-02,1279,8.867265050820954,Lost
JS-15685,1131.0639999999999,11,102.82399999999998,2016-06-14,2017-11-18,522,23.834681992337163,Loyal Customers
JS-15880,3868.02,9,429.78,2014-04-08,2016-07-14,828,42.04369565217391,Lost
JS-15940,469.169,8,58.646125,2014-05-03,2016-09-23,874,4.294453089244851,Lost
JS-16030,2516.494,18,139.80522222222223,2014-02-27,2017-12-02,1374,32.96717030567686,Loyal Customers
JW-15220,7721.714,14,551.551,2015-04-30,2017-11-18,933,115.8670911039657,Champions
JW-15955,1244.086,11,113.09872727272727,2015-08-16,2017-12-25,862,15.875807424593967,Loyal Customers
JW-16075,1428.731,7,204.10442857142857,2015-03-21,2016-09-25,554,18.05255776173285,Lost
KA-16525,1519.506,11,138.13690909090909,2014-03-11,2017-11-24,1354,12.344583456425406,Loyal Customers
KB-16240,3152.6150000000002,10,315.2615,2014-03-31,2017-12-26,1366,23.079172767203517,New Customers
KB-16315,1569.464,22,71.33927272727273,2014-08-26,2017-03-09,926,37.28748164146868,Cant Lose Them
KB-16405,908.821,9,100.98011111111111,2015-11-20,2017-09-04,654,12.506711009174312,Lost
KB-16585,2744.742,23,119.33660869565219,2014-04-04,2017-05-14,1136,55.57136091549297,Cant Lose Them
KB-16600,983.922,9,109.32466666666667,2014-12-30,2017-12-29,1095,8.0870301369863,New Customers
KC-16255,2120.954,10,212.0954,2014-09-08,2016-11-18,802,26.445810473815463,Lost
KC-16540,3908.262,5,781.6524000000001,2015-11-02,2017-09-24,692,28.238887283236995,Hibernating
KC-16675,1146.05,7,163.72142857142856,2014-12-13,2017-11-03,1056,7.596922348484848,Hibernating
KD-16270,8282.358,16,517.647375,2014-11-11,2016-09-02,661,200.48067776096823,Cant Lose Them
KD-16345,1888.964,10,188.8964,2014-09-02,2017-11-19,1174,16.08998296422487,New Customers
KD-16495,8181.256,28,292.1877142857143,2014-09-28,2017-09-09,1077,212.69746332404827,At Risk
KD-16615,2243.5099999999998,13,172.5776923076923,2015-09-13,2017-03-16,550,53.028418181818175,Cant Lose Them
KE-16420,1686.7312,15,112.44874666666666,2014-04-03,2017-12-04,1341,18.86723937360179,Loyal Customers
KF-16285,10604.266,18,589.1258888888889,2014-09-26,2017-09-24,1094,174.4760402193784,Loyal Customers
KH-16330,3312.864,18,184.048,2014-04-01,2017-11-20,1329,44.86948984198646,Champions
KH-16360,3100.612,14,221.47228571428573,2014-04-29,2017-12-29,1340,32.39445373134328,Champions
KH-16510,5952.859,23,258.81995652173913,2014-08-15,2017-12-08,1211,113.06008009909166,Champions
KH-16630,3918.9660000000003,17,230.5274117647059,2014-11-01,2017-11-02,1097,60.73146946216956,Loyal Customers
KH-16690,5990.799,15,399.3866,2014-03-21,2017-12-28,1378,65.21189042089985,Champions
KL-16555,5016.488,22,228.02218181818182,2014-06-15,2017-12-14,1278,86.35581846635368,Champions
KL-16645,14175.229000000001,29,488.80100000000004,2014-07-25,2017-11-13,1207,340.58130985915494,Champions
KM-16225,2260.958,19,118.99778947368422,2015-07-06,2017-12-16,894,48.051680089485465,Loyal Customers
KM-16375,5620.186,20,281.0093,2014-07-20,2017-11-04,1203,93.43617622610141,Loyal Customers
KM-16660,453.538,9,50.39311111111111,2014-12-22,2017-12-15,1089,3.7482479338842976,New Customers
KM-16720,4909.472,28,175.33828571428572,2014-03-30,2017-12-02,1343,102.35682501861504,Champions
KN-16390,2617.272,17,153.95717647058822,2014-12-02,2017-12-11,1105,40.26572307692308,Loyal Customers
KN-16450,2171.962,8,271.49525,2014-04-12,2017-11-08,1306,13.304514548238897,New Customers
KN-16705,2280.58,15,152.03866666666667,2014-03-02,2017-09-23,1301,26.29415833973866,Loyal Customers
KS-16300,88.472,4,22.118,2015-01-13,2017-03-10,787,0.44966709021601015,Lost
KT-16465,3057.1,14,218.3642857142857,2014-09-08,2016-12-04,818,52.322004889975545,Cant Lose Them
KT-16480,4642.088400000001,13,357.0837230769231,2014-03-10,2017-09-21,1291,46.744499767622,Loyal Customers
KW-16435,4416.5199999999995,10,441.65199999999993,2015-08-24,2017-09-25,763,57.88361730013105,Potential Loyalists
KW-16570,449.096,5,89.8192,2014-09-30,2015-11-20,416,5.397788461538462,Lost
LA-16780,8673.222,26,333.5854615384615,2014-04-29,2017-07-29,1187,189.97790395956193,At Risk
LB-16735,50.188,3,16.729333333333333,2016-07-25,2017-11-12,475,0.31697684210526317,New Customers
LB-16795,4985.676,24,207.7365,2014-04-23,2017-07-31,1195,100.13073138075315,At Risk
LC-16870,2580.7039999999997,30,86.02346666666666,2015-05-03,2017-12-03,945,81.9271111111111,Loyal Customers
LC-16885,7663.126,23,333.17939130434786,2014-04-25,2017-12-14,1329,132.6199382994733,Champions
LC-16930,4492.946,14,320.9247142857143,2014-02-20,2017-11-19,1368,45.980441520467835,Champions
LC-16960,3246.626,7,463.8037142857143,2015-02-23,2016-10-20,605,37.564267768595045,Lost
LC-17050,2095.064,9,232.78488888888887,2014-01-31,2017-11-06,1375,13.71314618181818,Potential Loyalists
LC-17140,2633.582,19,138.60957894736842,2014-09-09,2017-12-17,1195,41.87285188284518,Loyal Customers
LD-16855,5.304,1,5.304,2016-06-26,2016-06-26,0,5.304,Lost
LD-17005,1961.934,7,280.27628571428573,2014-09-29,2016-11-11,774,17.74358914728682,Lost
LE-16810,1469.45,9,163.27222222222224,2014-05-27,2017-12-09,1292,10.236106811145511,New Customers
LF-17185,3930.5089999999996,16,245.65681249999997,2014-07-26,2017-12-08,1231,51.087038180341175,Champions
LH-16750,287.426,3,95.80866666666667,2014-09-21,2017-08-01,1045,0.8251464114832535,Lost
LH-16900,2295.332,15,153.02213333333333,2014-08-19,2017-12-09,1208,28.501639072847677,Loyal Customers
LH-17020,318.239,6,53.03983333333333,2014-09-08,2017-05-05,970,1.9684886597938143,Lost
LH-17155,1739.689,19,91.56257894736842,2014-12-12,2016-12-10,729,45.341688614540466,Cant Lose Them
LL-16840,2741.2039999999997,12,228.43366666666665,2014-04-29,2017-04-25,1092,30.12312087912088,Cant Lose Them
LM-17065,1346.774,7,192.3962857142857,2014-06-27,2016-12-04,891,10.580716049382715,Lost
LO-17170,644.35,9,71.59444444444445,2015-02-06,2017-12-28,1056,5.491619318181818,New Customers
LP-17080,756.606,9,84.06733333333334,2014-06-24,2017-11-20,1245,5.469440963855422,New Customers
LP-17095,3653.399,15,243.55993333333333,2016-06-06,2017-12-21,563,97.3374511545293,Champions
LR-16915,5142.892,16,321.43075,2014-08-08,2017-12-04,1214,67.7811136738056,Champions
LR-17035,1879.306,12,156.60883333333334,2014-09-07,2017-08-20,1078,20.919918367346938,At Risk
LS-16945,2845.27,14,203.23357142857142,2015-04-25,2017-07-05,802,49.66805486284289,At Risk
LS-16975,2988.674,22,135.8488181818182,2014-10-20,2017-12-10,1147,57.32417436791631,Champions
LS-17200,1010.2560000000001,14,72.16114285714286,2014-10-18,2017-09-25,1073,13.181345759552658,Loyal Customers
LS-17230,368.88000000000005,6,61.48000000000001,2014-01-06,2015-11-14,677,3.269246676514033,Lost
LS-17245,1008.1360000000001,12,84.01133333333334,2014-10-16,2017-11-26,1137,10.639957783641162,Loyal Customers
LT-16765,329.876,3,109.95866666666666,2014-09-01,2017-12-04,1190,0.8316201680672268,New Customers
LT-17110,2936.252,14,209.73228571428572,2014-06-01,2017-11-26,1274,32.266505494505495,Champions
LW-16825,2238.061,15,149.20406666666668,2014-05-30,2017-10-03,1222,27.472107201309328,Loyal Customers
LW-16990,3230.308,11,293.66436363636365,2016-05-05,2017-11-27,571,62.230101576182136,Loyal Customers
LW-17125,1259.04,5,251.808,2014-09-11,2017-06-08,1001,6.288911088911089,Lost
LW-17215,5420.514,15,361.3676,2014-09-12,2017-12-09,1184,68.67205236486487,Champions
MA-17560,4299.161,34,126.44591176470588,2014-08-08,2017-10-27,1176,124.29547108843538,Loyal Customers
MA-17995,2453.284,12,204.44033333333334,2014-09-20,2017-06-27,1011,29.119097922848667,At Risk
MB-17305,1548.702,19,81.51063157894737,2014-08-08,2017-11-12,1192,24.68568624161074,Loyal Customers
MB-18085,1428.231,10,142.8231,2014-01-05,2017-11-16,1411,10.122119064493267,New Customers
MC-17275,2725.982,13,209.69092307692307,2014-09-08,2017-10-15,1133,31.27781641659312,Loyal Customers
MC-17425,4432.138,10,443.2138,2014-05-30,2016-11-26,911,48.65135016465423,Lost
MC-17575,1303.893,11,118.53572727272727,2014-12-02,2017-12-03,1097,13.074587967183227,Loyal Customers
MC-17590,2426.067,17,142.70982352941178,2014-05-20,2017-11-09,1269,32.50050354609929,Loyal Customers
MC-17605,2258.192,18,125.45511111111111,2014-03-19,2017-09-09,1270,32.005870866141734,At Risk
MC-17635,795.154,8,99.39425,2014-11-28,2017-06-24,939,6.774474973375932,Lost
MC-17845,3805.714,14,271.83671428571427,2014-07-05,2017-12-29,1273,41.85388531029065,Champions
MC-18100,2218.98,19,116.78842105263158,2014-06-18,2017-11-19,1250,33.728496,Loyal Customers
MC-18130,1581.9979999999998,11,143.81799999999998,2014-09-19,2016-12-26,829,20.99152955367913,Cant Lose Them
MD-17350,3766.382,17,221.5518823529412,2014-11-05,2017-09-04,1034,61.9231083172147,At Risk
MD-17860,1204.91,8,150.61375,2014-12-02,2017-11-24,1088,8.859632352941176,New Customers
ME-17320,10663.728000000001,22,484.71490909090915,2014-01-06,2017-11-18,1412,166.14873654390937,Champions
ME-17725,1908.4532,13,146.80409230769231,2014-07-12,2017-12-02,1239,20.024125585149314,Loyal Customers
ME-18010,1256.944,6,209.49066666666667,2014-07-21,2017-09-29,1166,6.467979416809606,Hibernating
MF-17665,937.039,8,117.129875,2014-12-30,2016-11-04,675,11.105647407407407,Lost
MF-18250,1758.3,12,146.525,2014-09-15,2017-12-23,1195,17.656569037656904,Loyal Customers
MG-17650,3785.276,14,270.37685714285715,2014-08-09,2017-12-01,1210,43.796581818181814,Champions
MG-17680,2350.188,10,235.0188,2014-10-22,2017-09-29,1073,21.90296365330848,Potential Loyalists
MG-17695,1342.282,7,191.7545714285714,2014-12-26,2016-06-23,545,17.240319266055046,Lost
MG-17875,1242.8329999999999,7,177.54757142857142,2014-02-23,2017-09-05,1290,6.744055038759689,Lost
MG-17890,776.384,13,59.72184615384616,2014-12-29,2017-09-22,998,10.113218436873748,Loyal Customers
MG-18145,3061.543,8,382.692875,2014-03-29,2017-10-07,1288,19.0157950310559,Potential Loyalists
MG-18205,16.739,2,8.3695,2017-04-10,2017-04-10,0,33.478,Lost
MH-17290,2394.025,13,184.15576923076924,2014-04-26,2017-09-02,1225,25.405979591836736,At Risk
MH-17440,400.016,9,44.446222222222225,2014-02-04,2016-12-19,1049,3.4319771210676837,Lost
MH-17455,2456.1820000000002,11,223.28927272727276,2014-07-11,2017-10-06,1183,22.83854775993238,Loyal Customers
MH-17620,1252.8,6,208.79999999999998,2015-12-05,2017-07-28,601,12.507154742096505,Lost
MH-17785,2203.7780000000002,11,200.34345454545456,2014-05-27,2017-09-23,1215,19.951899588477367,Loyal Customers
MH-18025,2984.948,10,298.4948,2014-07-08,2017-11-11,1222,24.426743044189852,New Customers
MH-18115,5503.093,22,250.1405909090909,2016-08-23,2017-12-25,489,247.5829161554192,Champions
MJ-17740,6320.746,15,421.38306666666665,2015-06-09,2017-12-08,913,103.8457721796276,Champions
MK-17905,2302.368,17,135.43341176470588,2014-11-18,2017-12-02,1110,35.26149189189189,Loyal Customers
MK-18160,1031.602,11,93.78200000000001,2014-12-19,2017-05-04,867,13.08837600922722,Cant Lose Them
ML-17395,2722.843,20,136.14215,2014-02-14,2017-10-22,1346,40.4582912332838,Loyal Customers
ML-17410,2921.5,15,194.76666666666668,2014-11-14,2017-11-06,1088,40.27803308823529,Loyal Customers
ML-17755,2071.9139999999998,13,159.378,2016-08-04,2017-12-01,484,55.650582644628095,Loyal Customers
ML-18040,742.082,4,185.5205,2017-03-26,2017-10-12,200,14.84164,Hibernating
ML-18265,162.232,3,54.077333333333335,2015-05-31,2017-09-21,844,0.576654028436019,Hibernating
MM-17260,1314.023,6,219.00383333333332,2014-05-28,2017-07-15,1144,6.891729020979021,Lost
MM-17920,3794.0800000000004,16,237.13000000000002,2014-01-13,2017-12-23,1440,42.15644444444445,Champions
MM-18055,2749.881,19,144.7305789473684,2014-04-11,2017-10-30,1298,40.25249537750385,Loyal Customers
MM-18280,775.414,12,64.61783333333334,2014-01-20,2017-10-06,1355,6.867135055350553,Loyal Customers
MN-17935,2477.946,10,247.7946,2014-02-16,2017-11-26,1379,17.969151559100798,New Customers
MO-17500,922.487,5,184.4974,2014-11-28,2017-10-19,1056,4.3678361742424245,Hibernating
MO-17800,1687.0269999999998,11,153.3660909090909,2015-09-17,2017-09-17,731,25.386179206566343,At Risk
MO-17950,154.288,4,38.572,2015-04-02,2017-07-03,823,0.7498809234507898,Lost
MP-17470,3206.132,14,229.00942857142857,2014-03-30,2016-01-11,652,68.84332515337424,Cant Lose Them
MP-17965,3983.6420000000003,20,199.18210000000002,2015-04-18,2017-10-19,915,87.07414207650274,Loyal Customers
MP-18175,5087.92,19,267.78526315789475,2014-03-28,2017-12-14,1357,71.23837877671333,Champions
MR-17545,639.178,6,106.52966666666667,2014-09-03,2017-08-27,1089,3.521641873278237,Lost
MS-17365,7443.6900000000005,24,310.15375,2014-09-09,2017-04-01,935,191.0679786096257,Cant Lose Them
MS-17530,475.65599999999995,7,67.95085714285713,2014-11-04,2016-10-22,718,4.637314763231197,Lost
MS-17710,1613.402,15,107.56013333333334,2014-03-24,2016-11-12,964,25.104802904564316,Cant Lose Them
MS-17770,3144.678,19,165.5093684210526,2014-07-04,2017-08-31,1154,51.775461005199304,At Risk
MS-17830,370.348,5,74.06960000000001,2014-01-09,2016-10-04,999,1.8535935935935937,Lost
MS-17980,855.116,11,77.73781818181818,2014-06-30,2017-12-04,1253,7.507003990422985,Loyal Customers
MT-17815,2890.139,10,289.01390000000004,2015-11-06,2017-11-11,736,39.26819293478261,New Customers
MT-18070,1319.4498,11,119.94998181818183,2014-09-25,2017-06-10,989,14.675376946410516,At Risk
MV-17485,1560.05,15,104.00333333333333,2014-01-20,2017-12-03,1413,16.56104033970276,Loyal Customers
MV-18190,1734.574,11,157.68854545454545,2014-01-30,2017-12-11,1411,13.522547129695253,Loyal Customers
MW-18220,5341.900000000001,14,381.56428571428575,2014-08-25,2017-12-13,1206,62.012106135986734,Champions
MW-18235,5253.876,3,1751.2920000000001,2014-05-21,2017-11-16,1275,12.362061176470588,New Customers
MY-17380,2254.285,13,173.40653846153845,2015-10-26,2017-12-01,767,38.20822033898305,Loyal Customers
MY-18295,4152.696,21,197.74742857142857,2014-04-28,2017-10-20,1271,68.61260110149487,Loyal Customers
MZ-17335,593.606,6,98.93433333333333,2015-11-08,2017-11-30,753,4.72992828685259,New Customers
MZ-17515,2564.906,10,256.4906,2014-04-04,2017-03-23,1084,23.66149446494465,Lost
NB-18580,273.87199999999996,2,136.93599999999998,2014-09-26,2014-10-22,26,21.06707692307692,Lost
NB-18655,1972.599,17,116.03523529411764,2014-12-05,2017-12-11,1102,30.430293103448275,Loyal Customers
NC-18340,2461.404,17,144.7884705882353,2014-03-30,2017-05-20,1147,36.481140366172625,At Risk
NC-18415,2218.9900000000002,14,158.49928571428572,2014-05-03,2017-11-19,1296,23.970570987654323,Loyal Customers
NC-18535,8241.739,15,549.4492666666666,2014-07-23,2017-12-24,1250,98.900868,Champions
NC-18625,1821.742,9,202.41577777777778,2014-10-29,2017-06-09,954,17.186245283018867,Lost
ND-18370,4326.139,18,240.34105555555556,2014-01-13,2017-12-03,1420,54.83838169014085,Champions
ND-18460,2893.455,8,361.681875,2014-02-06,2017-06-30,1240,18.667451612903225,Lost
NF-18385,8322.826,14,594.4875714285714,2014-02-11,2017-10-12,1339,87.01983868558625,Loyal Customers
NF-18475,377.16200000000003,4,94.29050000000001,2014-03-14,2016-07-23,862,1.750171693735499,Lost
NF-18595,2031.472,12,169.28933333333333,2014-04-19,2017-09-07,1237,19.707084882780922,At Risk
NG-18355,1869.58,16,116.84875,2014-11-24,2017-11-12,1084,27.595276752767525,Loyal Customers
NG-18430,1395.9379999999999,9,155.1042222222222,2014-11-24,2017-11-12,1084,11.589891143911439,New Customers
NH-18610,2673.29,11,243.02636363636364,2014-03-02,2017-06-24,1210,24.302636363636363,At Risk
NK-18490,572.048,11,52.004363636363635,2015-05-28,2017-10-21,877,7.175060433295325,Loyal Customers
NL-18310,1418.0900000000001,10,141.80900000000003,2014-10-31,2017-11-02,1098,12.915209471766852,Hibernating
NM-18445,6459.344,14,461.3817142857143,2014-02-08,2017-07-23,1261,71.71357335448057,At Risk
NM-18520,2161.979,15,144.1319333333333,2015-09-08,2017-04-30,600,54.049475,Cant Lose Them
NP-18325,5529.62,21,263.3152380952381,2014-05-13,2017-12-05,1302,89.18741935483871,Champions
NP-18670,3908.402,10,390.8402,2015-02-27,2017-11-02,979,39.92239019407559,Potential Loyalists
NP-18685,1228.698,7,175.52828571428572,2014-03-07,2016-11-19,988,8.70535020242915,Lost
NP-18700,7903.1825,13,607.9371153846154,2014-09-05,2017-08-14,1074,95.66235800744879,At Risk
NR-18550,2367.277,13,182.09823076923078,2014-06-07,2017-06-03,1092,28.181869047619045,At Risk
NS-18505,2575.863,15,171.7242,2016-11-24,2017-12-24,395,97.81758227848101,Loyal Customers
NS-18640,2964.823,26,114.03165384615384,2014-06-25,2017-07-09,1110,69.4463045045045,At Risk
NW-18400,7234.014,22,328.8188181818182,2014-06-21,2017-07-11,1116,142.60601075268818,At Risk
NZ-18565,2488.31,20,124.4155,2014-08-02,2017-10-06,1161,42.864944013781226,Loyal Customers
ON-18715,1567.52,15,104.50133333333333,2014-09-13,2016-11-15,794,29.61309823677582,Cant Lose Them
OT-18730,3818.624,10,381.8624,2015-04-20,2017-10-26,920,41.50678260869565,Potential Loyalists
PA-19060,729.408,7,104.20114285714286,2014-05-17,2017-09-18,1220,4.185127868852459,Hibernating
PB-18805,740.356,10,74.0356,2015-11-20,2017-12-05,746,9.924343163538873,New Customers
PB-19105,688.324,5,137.66479999999999,2014-11-15,2017-11-03,1084,3.1749261992619924,Hibernating
PB-19150,1456.95,11,132.45000000000002,2014-07-14,2017-09-24,1168,13.721275684931507,Loyal Customers
PB-19210,132.738,2,66.369,2014-11-23,2016-02-11,445,0.5965752808988765,Lost
PC-18745,1832.064,5,366.4128,2014-12-31,2017-12-28,1093,8.380896614821593,New Customers
PC-19000,1061.488,3,353.82933333333335,2014-04-08,2015-08-01,480,6.6343000000000005,Lost
PF-19120,9062.864,19,476.99284210526315,2014-05-05,2015-09-17,500,344.388832,Cant Lose Them
PF-19165,2770.0,10,277.0,2014-09-20,2017-06-17,1001,27.672327672327672,Lost
PF-19225,2206.1279999999997,10,220.61279999999996,2016-06-26,2017-09-07,438,50.368219178082185,Lost
PG-18820,3086.907,26,118.72719230769232,2014-05-09,2017-11-24,1295,61.9765111969112,Champions
PG-18895,1987.164,17,116.892,2014-05-11,2017-11-03,1272,26.558009433962265,Loyal Customers
PH-18790,729.648,2,364.824,2017-10-21,2017-10-21,0,1459.296,Hibernating
PJ-18835,1220.09,13,93.85307692307691,2014-05-28,2017-11-21,1273,12.45967792615868,Loyal Customers
PJ-19015,1824.2340000000002,10,182.42340000000002,2014-04-07,2017-08-18,1229,14.843238405207488,Lost
PK-18910,1441.152,3,480.384,2014-04-04,2016-09-03,883,4.896326160815402,Lost
PK-19075,8646.934,25,345.87735999999995,2014-11-11,2017-12-21,1136,190.2934419014084,Champions
PL-18925,239.481,8,29.935125,2014-11-01,2017-12-15,1140,1.6805684210526315,New Customers
PM-18940,1405.402,4,351.3505,2014-05-04,2016-12-09,950,5.917482105263158,Lost
PM-19135,4115.662,7,587.9517142857143,2015-12-19,2017-11-09,691,41.69266859623734,New Customers
PN-18775,1467.152,13,112.85784615384615,2015-08-07,2017-11-30,846,22.544888888888888,Loyal Customers
PO-18850,7473.8282,22,339.7194636363636,2014-11-02,2017-12-26,1150,142.97758295652173,Champions
PO-18865,2493.214,13,191.7856923076923,2014-03-23,2017-12-30,1378,23.520886792452828,Loyal Customers
PO-19180,4893.043,18,271.8357222222222,2015-08-11,2017-07-23,712,123.70052528089886,At Risk
PO-19195,1056.858,10,105.6858,2014-01-04,2017-10-05,1370,7.714291970802919,Loyal Customers
PP-18955,7252.608,34,213.312,2014-08-26,2017-09-24,1125,219.18993066666667,Loyal Customers
PR-18880,1840.178,12,153.34816666666669,2014-09-05,2017-11-24,1176,18.777326530612246,Loyal Customers
PS-18760,2181.479,21,103.87995238095237,2014-06-15,2017-09-14,1187,38.593983993260316,At Risk
PS-18970,1278.639,13,98.35684615384615,2014-04-15,2017-10-22,1286,12.92558864696734,Loyal Customers
PS-19045,6843.634,13,526.4333846153846,2014-12-20,2017-05-08,870,102.26119770114943,Cant Lose Them
PT-19090,160.572,7,22.93885714285714,2014-09-12,2017-10-20,1134,0.9911851851851852,Hibernating
PV-18985,2876.046,13,221.23430769230768,2014-07-12,2017-10-02,1178,31.73904753820034,Loyal Customers
PW-19030,3454.916,13,265.76276923076927,2014-05-16,2017-11-14,1278,35.14390297339593,Loyal Customers
PW-19240,3922.4150000000004,12,326.8679166666667,2014-11-18,2016-09-22,674,69.8352818991098,Cant Lose Them
QJ-19255,6108.338,13,469.8721538461538,2014-03-17,2017-12-05,1359,58.431489330389994,Loyal Customers
RA-19285,2617.906,17,153.9944705882353,2014-12-13,2017-12-25,1108,40.16642779783393,Loyal Customers
RA-19885,3832.314,15,255.4876,2014-04-08,2017-11-17,1319,43.58203942380592,Champions
RA-19915,4793.543,22,217.88831818181816,2014-06-30,2017-12-18,1267,83.23436937647988,Champions
RA-19945,1686.9225,9,187.43583333333333,2014-08-29,2017-10-30,1158,13.110796632124352,Hibernating
RB-19330,1008.1959999999999,6,168.03266666666664,2014-11-17,2017-10-23,1071,5.648156862745098,Hibernating
RB-19360,15117.339,18,839.8521666666667,2016-04-01,2017-09-25,542,502.0518487084871,Loyal Customers
RB-19435,2663.0860000000002,16,166.44287500000002,2014-03-11,2017-12-11,1371,31.07904886943837,Loyal Customers
RB-19465,4715.466,23,205.02026086956522,2014-03-14,2017-12-21,1378,78.70516545718432,Champions
RB-19570,528.546,9,58.72733333333334,2016-04-28,2017-12-05,586,8.117600682593856,New Customers
RB-19645,221.084,7,31.583428571428573,2014-08-23,2016-03-22,577,2.6821282495667247,Lost
RB-19705,2067.45,7,295.34999999999997,2015-08-22,2017-11-06,807,17.933271375464685,Potential Loyalists
RB-19795,5633.316000000001,18,312.96200000000005,2014-06-03,2017-11-28,1274,79.59159183673471,Champions
RC-19825,966.409,10,96.6409,2014-12-05,2016-12-26,752,12.851183510638299,Cant Lose Them
RC-19960,885.752,11,80.52290909090908,2014-08-25,2017-09-11,1113,8.75406289308176,At Risk
RD-19480,4272.93,15,284.862,2014-06-08,2017-10-19,1229,52.151301871440204,Loyal Customers
RD-19585,2912.8940000000002,19,153.3102105263158,2014-04-02,2017-07-03,1188,46.586688552188555,At Risk
RD-19660,2786.632,5,557.3264,2015-04-12,2017-09-07,879,15.851149032992037,Lost
RD-19720,1419.737,20,70.98685,2014-07-20,2017-12-09,1238,22.935977382875606,Loyal Customers
RD-19810,1137.616,16,71.101,2014-10-27,2017-12-16,1146,15.88294589877836,Loyal Customers
RD-19900,3133.924,21,149.2344761904762,2014-04-05,2017-09-07,1251,52.60783693045563,At Risk
RD-19930,970.9420000000001,10,97.09420000000001,2014-10-03,2017-11-18,1142,8.502119089316988,Loyal Customers
RE-19405,48.36,1,48.36,2014-12-29,2014-12-29,0,48.36,Lost
RE-19450,876.696,9,97.41066666666667,2014-06-03,2017-03-03,1004,7.858828685258965,Lost
RF-19345,3309.15,16,206.821875,2014-05-20,2016-12-05,930,56.931612903225805,Cant Lose Them
RF-19735,2341.2960000000003,14,167.2354285714286,2014-08-06,2017-10-02,1153,28.428572419774508,Loyal Customers
RF-19840,945.222,11,85.92927272727273,2014-11-12,2017-12-24,1138,9.136592267135324,Loyal Customers
RH-19495,3621.3759999999997,8,452.67199999999997,2014-08-23,2017-11-28,1193,24.28416429170159,New Customers
RH-19510,6979.18,12,581.5983333333334,2014-11-16,2016-09-19,673,124.44303120356612,Cant Lose Them
RH-19555,740.382,3,246.79399999999998,2015-12-04,2016-07-29,238,9.332546218487394,Lost
RH-19600,2085.7400000000002,11,189.61272727272728,2015-07-02,2016-07-14,378,60.69613756613757,Cant Lose Them
RK-19300,1460.192,8,182.524,2015-07-20,2017-09-02,775,15.072949677419356,Lost
RL-19615,6234.91,24,259.78791666666666,2014-12-05,2017-08-31,1000,149.63784,At Risk
RM-19375,1453.474,9,161.4971111111111,2014-05-11,2017-01-19,984,13.29396951219512,Lost
RM-19675,5979.0960000000005,11,543.5541818181819,2014-11-14,2017-12-24,1136,57.89617605633803,Loyal Customers
RM-19750,98.35,2,49.175,2017-03-06,2017-03-06,0,196.7,Lost
RO-19780,3815.478,12,317.9565,2015-05-12,2017-11-25,928,49.3380775862069,Loyal Customers
RP-19270,954.6452,12,79.55376666666668,2014-10-19,2016-08-21,672,17.047235714285716,Cant Lose Them
RP-19390,5153.084,25,206.12336,2014-05-24,2017-11-27,1283,100.41083398285268,Champions
RP-19855,2170.716,15,144.71439999999998,2014-04-05,2017-12-02,1337,24.353582647718774,Loyal Customers
RR-19315,615.932,4,153.983,2016-11-14,2017-12-11,392,6.285020408163265,New Customers
RR-19525,3302.2619999999997,10,330.22619999999995,2014-09-09,2017-07-13,1038,31.813699421965314,At Risk
RS-19420,3221.29,9,357.9211111111111,2014-08-05,2017-10-15,1167,24.842853470437017,Potential Loyalists
RS-19765,4159.7699999999995,14,297.12642857142856,2014-04-07,2017-11-24,1327,43.886043707611144,Champions
RS-19870,22.328,3,7.442666666666667,2016-06-07,2017-12-11,552,0.12134782608695652,New Customers
RW-19540,7397.401,23,321.6261304347826,2015-02-03,2017-09-01,941,180.80788841657812,At Risk
RW-19630,3279.746,16,204.984125,2014-06-28,2017-10-02,1192,44.02343624161074,Loyal Customers
RW-19690,3495.646,15,233.04306666666668,2016-05-30,2017-10-12,500,104.86938,Loyal Customers
SA-20830,4767.3415,21,227.01626190476193,2014-02-22,2017-10-28,1344,74.4897109375,Loyal Customers
SB-20170,1348.02,7,192.5742857142857,2014-06-06,2017-06-12,1102,8.56274047186933,Lost
SB-20185,6410.996,12,534.2496666666667,2014-09-20,2017-06-25,1009,76.24574033696729,At Risk
SB-20290,8057.891,17,473.9935882352941,2014-05-09,2017-11-13,1284,106.68547274143302,Champions
SC-20020,3362.9636,17,197.8213882352941,2014-03-03,2015-11-10,617,92.65864051863858,Cant Lose Them
SC-20050,4624.572,15,308.3048,2014-03-18,2017-11-20,1343,51.651958302308266,Champions
SC-20095,14142.333999999999,22,642.8333636363636,2014-02-12,2017-01-15,1068,291.32148689138575,Cant Lose Them
SC-20230,4371.9580000000005,11,397.4507272727273,2016-06-06,2017-08-03,423,113.6915791962175,At Risk
SC-20260,3729.7929999999997,18,207.21072222222222,2014-04-06,2017-06-26,1177,57.04016482582837,At Risk
SC-20305,3979.065,12,331.58875,2014-12-16,2017-12-01,1081,44.170934320074004,Loyal Customers
SC-20380,5992.536,20,299.6268,2014-03-01,2017-11-30,1370,87.48227737226277,Champions
SC-20440,1874.998,10,187.4998,2015-08-17,2017-11-24,830,22.590337349397593,Loyal Customers
SC-20575,902.7280000000001,7,128.96114285714287,2014-06-16,2017-09-29,1201,5.2615287260616155,Hibernating
SC-20680,1254.64,8,156.83,2014-11-21,2017-08-26,1009,9.94759167492567,Lost
SC-20695,2576.408,14,184.02914285714286,2014-12-16,2017-10-02,1021,35.32782761998041,Loyal Customers
SC-20725,5226.21,26,201.0080769230769,2014-06-03,2017-06-26,1119,121.4311528150134,At Risk
SC-20770,4492.657,21,213.93604761904763,2015-06-20,2017-11-19,883,106.84688221970555,Champions
SC-20800,279.25600000000003,5,55.851200000000006,2015-12-11,2017-11-30,720,1.9392777777777779,New Customers
SC-20845,280.632,4,70.158,2016-11-11,2017-08-21,283,3.966530035335689,Lost
SD-20485,6121.114,21,291.481619047619,2014-01-26,2017-06-13,1234,104.16806645056724,At Risk
SE-20110,12209.438000000002,19,642.6020000000001,2014-04-11,2017-12-21,1350,171.83653481481485,Champions
SF-20065,763.5459999999999,9,84.83844444444443,2014-09-10,2017-11-01,1148,5.985987804878048,Hibernating
SF-20200,3422.7859999999996,15,228.1857333333333,2014-12-23,2017-11-01,1044,49.17795977011494,Loyal Customers
SF-20965,3336.535,17,196.26676470588234,2014-10-21,2017-11-12,1118,50.73443202146691,Champions
SG-20080,3406.5809999999997,11,309.6891818181818,2015-10-31,2017-12-22,783,47.857459770114936,Loyal Customers
SG-20470,1884.798,14,134.62842857142857,2014-07-26,2017-06-30,1070,24.660908411214955,At Risk
SG-20605,3124.832,13,240.37169230769229,2014-01-23,2017-09-13,1329,30.566452972159517,At Risk
SG-20890,47.946,5,9.5892,2014-03-30,2017-05-18,1145,0.2093711790393013,Lost
SH-19975,3406.8395,29,117.47722413793103,2014-12-10,2017-12-01,1087,90.89084222631094,Champions
SH-20395,2180.718,15,145.38119999999998,2014-11-02,2017-12-07,1131,28.921989389920423,Loyal Customers
SH-20635,2096.392,2,1048.196,2014-12-16,2015-11-26,345,12.152997101449275,Lost
SJ-20125,3949.656,24,164.569,2015-09-22,2017-09-26,735,128.96835918367347,Loyal Customers
SJ-20215,1341.036,10,134.1036,2015-02-09,2017-12-01,1026,13.070526315789474,Loyal Customers
SJ-20500,1318.776,7,188.39657142857143,2014-08-31,2017-04-21,964,9.576174273858921,Lost
SK-19990,883.409,5,176.6818,2016-11-28,2017-12-22,389,11.35487146529563,New Customers
SL-20155,3053.012,9,339.22355555555555,2014-09-21,2017-10-21,1126,24.402404973357015,Potential Loyalists
SM-20005,244.49399999999997,6,40.748999999999995,2014-11-23,2016-11-04,712,2.0603426966292133,Lost
SM-20320,25043.05,15,1669.5366666666666,2014-03-18,2017-10-12,1304,288.0718941717791,Loyal Customers
SM-20905,1043.041,6,173.84016666666665,2016-05-03,2016-05-03,0,6258.245999999999,Lost
SM-20950,5563.392,22,252.88145454545455,2014-09-29,2017-12-05,1163,105.24043336199483,Champions
SN-20560,1860.418,15,124.02786666666665,2015-06-18,2017-09-10,815,34.24082208588957,At Risk
SN-20710,3127.9592,19,164.62943157894736,2014-05-06,2017-10-12,1255,47.35555760956175,Loyal Customers
SO-20335,2602.5755,15,173.50503333333333,2015-10-11,2017-12-01,782,49.92152493606138,Loyal Customers
SP-20545,1306.086,10,130.6086,2014-10-13,2017-02-06,847,15.420141676505313,Cant Lose Them
SP-20620,5440.319,24,226.67995833333336,2014-09-08,2017-11-13,1162,112.3645920826162,Champions
SP-20650,1872.4360000000001,15,124.82906666666668,2014-04-16,2016-12-09,968,29.015020661157028,Cant Lose Them
SP-20860,4282.94,24,178.45583333333332,2014-12-15,2017-10-12,1032,99.60325581395348,Loyal Customers
SP-20920,3990.689,14,285.0492142857143,2014-11-22,2017-10-21,1064,52.50906578947368,Loyal Customers
SR-20425,3233.481,9,359.27566666666667,2014-06-14,2017-12-22,1287,22.611755244755248,New Customers
SR-20740,4345.8859999999995,12,362.1571666666666,2014-02-20,2017-06-17,1213,42.99310140148392,At Risk
SS-20140,1324.028,21,63.04895238095238,2014-11-23,2017-12-15,1118,24.86993559928444,Loyal Customers
SS-20410,3056.8070000000002,12,254.7339166666667,2014-05-30,2017-09-11,1200,30.568070000000002,At Risk
SS-20515,613.4,6,102.23333333333333,2014-07-14,2016-08-26,774,4.755038759689922,Lost
SS-20590,418.49,9,46.49888888888889,2014-08-05,2016-10-24,811,4.6441553637484585,Lost
SS-20875,964.636,15,64.30906666666667,2014-12-14,2017-09-01,992,14.586229838709677,At Risk
ST-20530,433.34000000000003,12,36.11166666666667,2014-02-14,2017-08-27,1290,4.031069767441861,At Risk
SU-20665,2595.364,18,144.1868888888889,2015-12-05,2017-12-10,736,63.47357608695653,Loyal Customers
SV-20365,11470.949999999999,32,358.46718749999997,2014-01-11,2017-09-20,1348,272.3074183976261,Loyal Customers
SV-20785,4105.305,25,164.21220000000002,2014-04-12,2017-02-13,1038,98.87536127167631,Cant Lose Them
SV-20815,1271.0900000000001,6,211.84833333333336,2015-05-04,2017-10-15,895,8.52127374301676,Hibernating
SV-20935,1903.491,13,146.4223846153846,2016-03-19,2017-12-28,649,38.12847919876733,Loyal Customers
SW-20245,1085.078,10,108.5078,2014-07-20,2017-10-10,1178,9.21118845500849,Loyal Customers
SW-20275,1966.65,7,280.95,2014-03-10,2017-11-30,1361,10.115025716385013,New Customers
SW-20350,1019.044,6,169.84066666666666,2016-04-09,2017-07-21,468,13.064666666666666,Lost
SW-20455,2921.544,9,324.616,2015-06-22,2017-07-21,760,34.597231578947365,Lost
SW-20755,758.6959999999999,8,94.83699999999999,2014-11-02,2016-07-14,620,9.789625806451612,Lost
SZ-20035,3625.329,20,181.26645000000002,2014-09-07,2017-11-25,1175,61.70772765957447,Champions
TA-21385,14595.62,10,1459.5620000000001,2014-09-12,2017-10-22,1136,128.48257042253522,Loyal Customers
TB-21055,1467.881,18,81.54894444444444,2016-06-17,2017-09-02,442,59.7779592760181,At Risk
TB-21175,3589.296,11,326.29963636363635,2014-12-08,2017-11-02,1060,37.247411320754715,Loyal Customers
TB-21190,816.1740000000001,4,204.04350000000002,2014-12-27,2017-11-11,1050,3.1092342857142863,New Customers
TB-21250,1602.376,19,84.33557894736842,2014-12-08,2017-01-15,769,39.59056436931079,Cant Lose Them
TB-21280,2198.45,11,199.8590909090909,2014-06-21,2016-05-26,705,34.30205673758865,Cant Lose Them
TB-21355,834.328,13,64.17907692307692,2016-01-25,2017-08-06,559,19.402976744186045,At Risk
TB-21400,9133.99,17,537.2935294117647,2014-01-21,2017-06-11,1237,125.52775262732416,At Risk
TB-21520,4737.486,20,236.8743,2014-10-17,2017-09-14,1063,89.1342615239887,At Risk
TB-21595,1387.559,7,198.2227142857143,2014-02-18,2017-03-20,1126,8.626032859680283,Lost
TB-21625,2797.668,15,186.5112,2014-08-06,2017-11-30,1212,34.624603960396044,Champions
TC-20980,19052.218,12,1587.6848333333335,2014-11-07,2016-11-26,750,304.835488,Cant Lose Them
TC-21145,1038.26,4,259.565,2017-09-15,2017-09-15,0,4153.04,Lost
TC-21295,4266.812,16,266.67575,2014-10-14,2017-12-03,1146,59.571546247818496,Champions
TC-21475,1244.976,11,113.17963636363638,2014-11-22,2017-07-30,981,13.959975535168198,At Risk
TC-21535,742.5580000000001,10,74.25580000000001,2014-11-03,2017-12-26,1149,6.4626457789382075,Loyal Customers
TD-20995,1434.5480000000002,16,89.65925000000001,2014-05-19,2017-11-23,1284,17.875987538940812,Loyal Customers
TG-21310,3058.372,9,339.8191111111111,2015-03-09,2017-01-27,690,39.891808695652166,Lost
TG-21640,2074.661,10,207.4661,2014-03-31,2017-09-07,1256,16.51800159235669,At Risk
TH-21100,2422.824,7,346.11771428571427,2014-09-27,2017-01-20,846,20.04700709219858,Lost
TH-21115,2942.772,9,326.9746666666667,2014-09-23,2017-11-02,1136,23.314214788732393,Potential Loyalists
TH-21235,1022.201,13,78.63084615384615,2014-11-04,2017-09-04,1035,12.83923961352657,At Risk
TH-21550,4234.0960000000005,13,325.6996923076923,2014-04-05,2017-10-19,1293,42.570184068058786,Loyal Customers
TM-21010,2955.2259999999997,19,155.53821052631577,2014-02-21,2017-09-18,1305,43.02627892720306,Loyal Customers
TM-21490,1094.6779999999999,4,273.66949999999997,2017-03-30,2017-08-22,145,30.198013793103446,Lost
TN-21040,3130.221,12,260.85175,2014-10-10,2017-10-01,1087,34.556257589696415,Loyal Customers
TP-21130,4454.0560000000005,16,278.37850000000003,2015-04-14,2017-12-22,983,72.49735096642931,Champions
TP-21415,5329.0048,10,532.90048,2015-11-28,2017-09-17,659,80.86501972685888,At Risk
TP-21565,1936.6399999999999,10,193.664,2015-03-01,2017-01-14,685,28.272116788321163,Cant Lose Them
TR-21325,675.9419999999999,7,96.56314285714284,2014-12-01,2017-06-20,932,5.0768175965665225,Lost
TS-21085,4.833,2,2.4165,2015-07-19,2017-01-07,538,0.01796654275092937,Lost
TS-21160,2163.6240000000003,17,127.27200000000002,2014-04-23,2016-08-13,843,43.63180071174378,Cant Lose Them
TS-21205,5371.09,19,282.68894736842105,2014-03-21,2017-06-15,1182,86.33731810490693,At Risk
TS-21340,974.7819999999999,12,81.23183333333333,2014-01-19,2017-05-18,1215,9.627476543209875,Cant Lose Them
TS-21370,11891.751,15,792.7834,2014-10-28,2017-11-24,1123,158.8390605520926,Champions
TS-21430,2054.14,7,293.4485714285714,2014-07-30,2017-07-11,1077,13.35095636025998,Lost
TS-21505,2243.274,14,160.23385714285715,2014-12-20,2017-12-19,1095,28.681128767123287,Loyal Customers
TS-21610,2820.424,11,256.4021818181818,2014-08-16,2017-11-05,1177,26.359102803738317,Loyal Customers
TS-21655,3368.094,14,240.57814285714286,2015-02-06,2017-05-06,820,57.50404390243903,Cant Lose Them
TT-21070,4915.602,14,351.11442857142856,2014-05-18,2017-11-29,1291,53.3062958946553,Champions
TT-21220,1427.0439999999999,15,95.13626666666666,2014-09-23,2017-06-30,1011,21.172759643916912,At Risk
TT-21265,439.5,3,146.5,2015-08-15,2016-11-19,462,2.853896103896104,Lost
TT-21460,5364.808,14,383.20057142857144,2015-12-08,2017-12-18,741,101.35939541160595,Champions
TW-21025,5278.826,12,439.9021666666667,2014-12-22,2017-10-27,1040,60.90953076923077,Loyal Customers
TZ-21580,1707.286,9,189.69844444444445,2014-11-11,2017-11-25,1110,13.842859459459461,New Customers
VB-21745,2005.596,10,200.5596,2015-07-17,2017-11-06,843,23.7911743772242,Loyal Customers
VD-21670,6442.254,16,402.640875,2014-08-04,2016-05-28,663,155.46917647058825,Cant Lose Them
VF-21715,847.944,11,77.08581818181818,2014-03-01,2017-12-17,1387,6.724862292718096,Loyal Customers
VG-21790,846.01,8,105.75125,2014-08-08,2017-07-29,1086,6.232117863720074,Lost
VG-21805,427.372,6,71.22866666666667,2014-09-22,2017-03-19,909,2.820937293729373,Lost
VM-21685,2454.866,12,204.57216666666667,2014-04-07,2017-11-06,1309,22.50450114591291,Loyal Customers
VM-21835,380.69,8,47.58625,2014-03-22,2017-09-04,1262,2.4132488114104595,Lost
VP-21730,993.9019999999999,5,198.7804,2015-07-05,2017-11-30,879,5.653594994311717,New Customers
VP-21760,3360.526,14,240.03757142857143,2014-09-06,2017-10-16,1136,41.41493309859155,Loyal Customers
VS-21820,1055.981,8,131.997625,2014-01-07,2017-05-23,1232,6.857019480519481,Lost
VT-21700,1736.596,9,192.9551111111111,2014-06-06,2015-04-05,303,51.58205940594059,Lost
VW-21775,6134.0380000000005,18,340.77988888888893,2014-05-11,2017-12-02,1301,84.86755111452729,Champions
WB-21850,6160.102,37,166.48924324324324,2014-11-04,2017-12-10,1132,201.3460901060071,Champions
XP-21865,2374.658,28,84.80921428571428,2014-01-20,2017-11-17,1397,47.59514960629921,Loyal Customers
YC-21895,5454.35,8,681.79375,2014-11-17,2017-12-26,1135,38.44475770925111,New Customers
YS-21880,6720.4439999999995,12,560.0369999999999,2015-01-12,2017-12-21,1074,75.0887597765363,Loyal Customers
ZC-21910,8025.707,31,258.8937741935484,2014-10-13,2017-11-06,1120,222.1401044642857,Loyal Customers
ZD-21925,1493.944,9,165.99377777777778,2014-08-27,2017-06-11,1019,13.194794896957802,Lost
