customer_id,last_order,frequency,monetary,recency,R,F,M,RFM_Score,RFM_Total,Segment
AA-10315,2017-06-29,11,5563.56,185,2,3,5,235,10,At Risk
AA-10375,2017-12-11,15,1056.39,20,5,4,2,542,11,Loyal Customers
AA-10480,2017-04-15,12,1790.5120000000002,260,1,3,3,133,7,Cant Lose Them
AA-10645,2017-11-05,18,5086.9349999999995,56,3,4,5,345,12,Loyal Customers
AB-10015,2016-11-10,6,886.156,416,1,1,1,111,3,Lost
AB-10060,2017-11-06,18,7755.62,55,3,5,5,355,13,Loyal Customers
AB-10105,2017-11-19,20,14473.570999999998,42,4,5,5,455,14,Champions
AB-10150,2017-11-19,12,966.71,42,4,3,2,432,9,Loyal Customers
AB-10165,2017-12-05,14,1113.838,26,5,4,2,542,11,Loyal Customers
AB-10255,2017-07-17,14,914.5319999999999,167,2,4,1,241,7,At Risk
AB-10600,2017-11-10,8,1515.862,51,4,2,2,422,8,New Customers
AC-10420,2017-05-12,5,925.8,233,1,1,1,111,3,Lost
AC-10450,2017-12-19,9,5527.846,12,5,2,5,525,12,New Customers
AC-10615,2017-12-24,18,2537.6859999999997,7,5,5,3,553,13,Loyal Customers
AC-10660,2017-03-23,6,657.316,283,1,1,1,111,3,Lost
AD-10180,2017-12-01,12,6106.88,30,4,3,5,435,12,Loyal Customers
AF-10870,2017-11-19,16,2052.908,42,4,4,3,443,11,Loyal Customers
AF-10885,2016-11-10,7,861.565,416,1,1,1,111,3,Lost
AG-10270,2017-03-27,14,2582.898,279,1,4,3,143,8,Cant Lose Them
AG-10300,2017-09-03,5,367.548,119,2,1,1,211,4,Lost
AG-10330,2017-12-22,9,660.972,9,5,2,1,521,8,New Customers
AG-10390,2017-09-07,8,200.945,115,2,2,1,221,5,Lost
AG-10495,2017-10-13,21,2356.855,79,3,5,3,353,11,Loyal Customers
AG-10525,2015-09-07,9,1455.038,846,1,2,2,122,5,Lost
AG-10675,2017-09-24,15,3489.0396000000005,98,3,4,4,344,11,Loyal Customers
AG-10765,2017-10-14,5,170.584,78,3,1,1,311,5,Hibernating
AG-10900,2017-09-25,21,4510.797,97,3,5,5,355,13,Loyal Customers
AH-10030,2017-12-18,11,1744.7,13,5,3,3,533,11,Loyal Customers
AH-10075,2017-11-26,20,3250.337,35,4,5,4,454,13,Champions
AH-10120,2017-10-31,16,1735.5140000000001,61,3,4,2,342,9,Loyal Customers
AH-10195,2017-11-05,8,1587.452,56,3,2,2,322,7,Hibernating
AH-10210,2017-12-24,13,4805.344,7,5,3,5,535,13,Loyal Customers
AH-10465,2017-05-14,8,2495.3916,231,1,2,3,123,6,Lost
AH-10585,2017-12-09,5,738.504,22,5,1,1,511,7,New Customers
AH-10690,2016-11-15,23,7888.294,411,1,5,5,155,11,Cant Lose Them
AI-10855,2017-12-17,18,4375.786,14,5,5,5,555,15,Champions
AJ-10780,2017-10-16,15,4867.344,76,3,4,5,345,12,Loyal Customers
AJ-10795,2017-07-17,21,4501.391,167,2,5,5,255,12,At Risk
AJ-10945,2017-10-06,10,1839.24,86,3,2,3,323,8,Potential Loyalists
AJ-10960,2017-10-17,5,629.2479999999999,75,3,1,1,311,5,Hibernating
AM-10360,2017-12-02,12,814.012,29,4,3,1,431,8,Loyal Customers
AM-10705,2017-07-21,22,5664.022,163,2,5,5,255,12,At Risk
AO-10810,2016-08-16,1,161.28,502,1,1,1,111,3,Lost
AP-10720,2017-11-19,19,1638.554,42,4,5,2,452,11,Loyal Customers
AP-10915,2017-09-23,31,3323.556,99,3,5,4,354,12,Loyal Customers
AR-10345,2017-09-10,5,1055.694,112,2,1,2,212,5,Lost
AR-10405,2017-08-27,7,2236.128,126,2,1,3,213,6,Lost
AR-10510,2017-12-16,7,264.86400000000003,15,5,1,1,511,7,New Customers
AR-10540,2017-12-24,9,6608.448,7,5,2,5,525,12,New Customers
AR-10570,2016-07-14,2,88.15,535,1,1,1,111,3,Lost
AR-10825,2017-11-02,13,4523.336,59,3,3,5,335,11,Loyal Customers
AS-10045,2017-10-03,10,3050.692,89,3,2,4,324,9,Potential Loyalists
AS-10090,2017-12-02,25,3255.31,29,4,5,4,454,13,Champions
AS-10135,2017-11-19,3,58.82,42,4,1,1,411,6,New Customers
AS-10225,2017-12-08,13,4260.784,23,5,3,4,534,12,Loyal Customers
AS-10240,2017-06-21,13,584.6080000000001,193,2,3,1,231,6,At Risk
AS-10285,2017-12-11,8,3214.236,20,5,2,4,524,11,New Customers
AS-10630,2017-09-29,12,833.398,93,3,3,1,331,7,Loyal Customers
AT-10435,2017-12-09,9,1171.814,22,5,2,2,522,9,New Customers
AT-10735,2017-12-17,16,3831.864,14,5,4,4,544,13,Champions
AW-10840,2017-12-10,8,649.376,21,5,2,1,521,8,New Customers
AW-10930,2017-11-14,16,2852.968,47,4,4,4,444,12,Champions
AY-10555,2017-12-16,10,497.014,15,5,2,1,521,8,New Customers
AZ-10750,2017-07-23,12,1622.0179999999998,161,2,3,2,232,7,At Risk
BB-10990,2017-09-16,8,744.3399999999999,106,2,2,1,221,5,Lost
BB-11545,2017-12-02,20,6765.728,29,4,5,5,455,14,Champions
BC-11125,2017-06-11,18,2933.676,203,2,5,4,254,11,At Risk
BD-11320,2017-11-27,19,5718.521,34,4,5,5,455,14,Champions
BD-11500,2017-11-25,10,4411.2429999999995,36,4,2,5,425,11,New Customers
BD-11560,2017-03-27,4,320.54,279,1,1,1,111,3,Lost
BD-11605,2017-09-24,20,3288.471,98,3,5,4,354,12,Loyal Customers
BD-11620,2017-10-22,8,1538.11,70,3,2,2,322,7,Hibernating
BD-11635,2017-12-21,5,582.646,10,5,1,1,511,7,New Customers
BD-11725,2017-09-28,10,1526.5,94,3,2,2,322,7,Hibernating
BD-11770,2017-02-06,10,658.466,328,1,2,1,121,4,Lost
BE-11335,2017-09-02,9,4204.676,120,2,2,4,224,8,Lost
BE-11410,2017-09-23,5,2261.438,99,3,1,3,313,7,Hibernating
BE-11455,2017-04-20,13,1727.652,255,1,3,2,132,6,Cant Lose Them
BF-10975,2017-09-30,13,599.798,92,3,3,1,331,7,Loyal Customers
BF-11005,2017-11-21,10,1333.88,40,4,2,2,422,8,New Customers
BF-11020,2017-10-17,21,2888.506,75,3,5,4,354,12,Loyal Customers
BF-11080,2017-12-05,6,272.95,26,5,1,1,511,7,New Customers
BF-11170,2017-12-14,27,5907.972,17,5,5,5,555,15,Champions
BF-11215,2017-10-26,8,1585.162,66,3,2,2,322,7,Hibernating
BF-11275,2017-11-03,4,791.9899999999999,58,3,1,1,311,5,Hibernating
BG-11035,2017-12-02,12,2798.948,29,4,3,4,434,11,Loyal Customers
BG-11695,2017-11-24,8,1874.172,37,4,2,3,423,9,New Customers
BG-11740,2017-11-03,7,1006.356,58,3,1,2,312,6,Hibernating
BH-11710,2017-12-07,24,6255.351,24,5,5,5,555,15,Champions
BK-11260,2017-10-14,16,659.1379999999999,78,3,4,1,341,8,Loyal Customers
BM-11140,2017-02-26,16,11789.63,308,1,4,5,145,10,Cant Lose Them
BM-11575,2017-09-21,10,808.162,101,3,2,1,321,6,Hibernating
BM-11650,2017-11-27,29,7294.185,34,4,5,5,455,14,Champions
BM-11785,2017-05-26,14,1338.842,219,2,4,2,242,8,At Risk
BN-11470,2017-12-06,6,265.296,25,5,1,1,511,7,New Customers
BN-11515,2017-12-21,17,1459.344,10,5,4,2,542,11,Loyal Customers
BO-11350,2017-08-15,12,2682.728,138,2,3,3,233,8,At Risk
BO-11425,2017-10-16,2,130.83,76,3,1,1,311,5,Hibernating
BP-11050,2017-10-08,7,983.42,84,3,1,2,312,6,Hibernating
BP-11095,2017-12-13,20,2442.044,18,5,5,3,553,13,Loyal Customers
BP-11155,2017-10-02,11,1697.8609999999999,90,3,3,2,332,8,Loyal Customers
BP-11185,2017-12-29,18,3675.861,2,5,5,4,554,14,Champions
BP-11230,2017-11-21,6,1181.49,40,4,1,2,412,7,New Customers
BP-11290,2017-12-18,16,2475.157,13,5,4,3,543,12,Loyal Customers
BS-11365,2016-06-20,9,10501.653,559,1,2,5,125,8,Lost
BS-11380,2017-12-02,13,3887.834,29,4,3,4,434,11,Loyal Customers
BS-11590,2017-11-25,10,2454.928,36,4,2,3,423,9,New Customers
BS-11665,2016-05-27,11,3288.1099999999997,583,1,3,4,134,8,Cant Lose Them
BS-11755,2017-12-29,14,2562.382,2,5,4,3,543,12,Loyal Customers
BS-11800,2017-04-09,8,949.4300000000001,266,1,2,1,121,4,Lost
BT-11305,2017-01-28,9,2567.656,337,1,2,3,123,6,Lost
BT-11395,2017-03-03,10,2186.6130000000003,303,1,2,3,123,6,Lost
BT-11440,2016-06-18,7,603.876,561,1,1,1,111,3,Lost
BT-11485,2016-03-11,3,415.19599999999997,660,1,1,1,111,3,Lost
BT-11530,2017-09-30,10,2684.4919999999997,92,3,2,3,323,8,Potential Loyalists
BT-11680,2017-12-10,20,3196.752,21,5,5,4,554,14,Champions
BV-11245,2017-01-30,14,1523.2730000000001,335,1,4,2,142,7,Cant Lose Them
BW-11065,2017-06-01,3,385.516,213,2,1,1,211,4,Lost
BW-11110,2017-08-31,17,4750.358,122,2,4,5,245,11,At Risk
BW-11200,2017-06-10,10,1738.406,204,2,2,2,222,6,Lost
CA-11965,2017-09-25,10,3789.7228,97,3,2,4,324,9,Potential Loyalists
CA-12055,2016-11-24,10,1679.7240000000002,402,1,2,2,122,5,Lost
CA-12265,2017-11-04,17,2648.2872,57,3,4,3,343,10,Loyal Customers
CA-12310,2017-12-17,11,1421.954,14,5,3,2,532,10,Loyal Customers
CA-12775,2017-09-01,17,3041.566,121,2,4,4,244,10,At Risk
CB-12025,2017-11-13,26,6076.139,48,4,5,5,455,14,Champions
CB-12415,2017-12-04,12,1949.2,27,5,3,3,533,11,Loyal Customers
CB-12535,2017-06-16,19,4246.4555,198,2,5,4,254,11,At Risk
CC-12100,2016-09-29,13,1770.945,458,1,3,3,133,7,Cant Lose Them
CC-12145,2017-09-15,11,2471.65,107,2,3,3,233,8,At Risk
CC-12220,2017-12-10,22,3913.418,21,5,5,4,554,14,Champions
CC-12370,2017-11-17,11,12129.072000000002,44,4,3,5,435,12,Loyal Customers
CC-12430,2017-12-30,19,2870.05,1,5,5,4,554,14,Champions
CC-12475,2017-11-21,13,1659.438,40,4,3,2,432,9,Loyal Customers
CC-12550,2017-12-03,4,113.832,28,4,1,1,411,6,New Customers
CC-12610,2017-11-26,12,2540.631,35,4,3,3,433,10,Loyal Customers
CC-12670,2017-12-01,14,2269.7015,30,4,4,3,443,11,Loyal Customers
CC-12685,2015-10-23,12,2854.1150000000002,800,1,3,4,134,8,Cant Lose Them
CD-11920,2017-11-20,9,2033.968,41,4,2,3,423,9,New Customers
CD-11980,2017-11-06,6,639.766,55,3,1,1,311,5,Hibernating
CD-12280,2017-11-18,13,1205.584,43,4,3,2,432,9,Loyal Customers
CD-12790,2016-11-26,15,1860.732,400,1,4,3,143,8,Cant Lose Them
CG-12040,2017-11-11,9,904.4680000000001,50,4,2,1,421,7,New Customers
CG-12520,2017-01-26,5,1148.7800000000002,339,1,1,2,112,4,Lost
CH-12070,2016-02-08,4,1537.236,692,1,1,2,112,4,Lost
CJ-11875,2016-12-30,1,16.52,366,1,1,1,111,3,Lost
CJ-12010,2017-06-24,20,11164.974,190,2,5,5,255,12,At Risk
CK-12205,2017-11-21,32,3154.855,40,4,5,4,454,13,Champions
CK-12325,2017-09-01,12,2945.321,121,2,3,4,234,9,At Risk
CK-12595,2017-11-17,25,2372.75,44,4,5,3,453,12,Loyal Customers
CK-12760,2017-10-09,14,1582.109,83,3,4,2,342,9,Loyal Customers
CL-11890,2017-09-15,7,1262.0140000000001,107,2,1,2,212,5,Lost
CL-12565,2017-03-21,28,10880.546,285,1,5,5,155,11,Cant Lose Them
CL-12700,2017-09-16,8,2353.586,106,2,2,3,223,7,Lost
CM-11815,2017-08-21,10,1673.888,132,2,2,2,222,6,Lost
CM-11935,2016-01-22,4,565.392,709,1,1,1,111,3,Lost
CM-12115,2017-12-22,7,1661.6100000000001,9,5,1,2,512,8,New Customers
CM-12160,2017-12-04,7,2533.314,27,5,1,3,513,9,New Customers
CM-12190,2017-12-22,7,1475.144,9,5,1,2,512,8,New Customers
CM-12235,2016-12-10,8,2305.712,386,1,2,3,123,6,Lost
CM-12385,2017-11-23,10,8954.019999999999,38,4,2,5,425,11,New Customers
CM-12445,2016-10-20,9,287.99,437,1,2,1,121,4,Lost
CM-12655,2017-12-03,10,6339.5576,28,4,2,5,425,11,New Customers
CM-12715,2015-03-01,13,3984.4524,1036,1,3,4,134,8,Cant Lose Them
CP-12085,2017-10-09,14,5402.254,83,3,4,5,345,12,Loyal Customers
CP-12340,2017-07-23,15,5888.275,161,2,4,5,245,11,At Risk
CR-12580,2017-11-03,6,2148.852,58,3,1,3,313,7,Hibernating
CR-12625,2016-09-16,4,475.9,471,1,1,1,111,3,Lost
CR-12730,2017-10-13,6,1600.55,79,3,1,2,312,6,Hibernating
CR-12820,2017-10-06,7,1397.8724,86,3,1,2,312,6,Hibernating
CS-11845,2017-09-30,8,1278.954,92,3,2,2,322,7,Hibernating
CS-11860,2017-07-21,7,537.632,163,2,1,1,211,4,Lost
CS-11950,2017-12-05,22,3036.547,26,5,5,4,554,14,Champions
CS-12130,2016-08-28,7,884.64,490,1,1,1,111,3,Lost
CS-12175,2017-05-12,8,844.4580000000001,233,1,2,1,121,4,Lost
CS-12250,2017-12-04,28,2754.216,27,5,5,4,554,14,Champions
CS-12355,2017-12-24,22,3202.1620000000003,7,5,5,4,554,14,Champions
CS-12400,2017-12-28,14,3651.8585000000003,3,5,4,4,544,13,Champions
CS-12460,2017-12-03,6,550.644,28,4,1,1,411,6,New Customers
CS-12490,2016-11-01,9,1077.2285,425,1,2,2,122,5,Lost
CS-12505,2017-11-02,9,5690.054999999999,59,3,2,5,325,10,Potential Loyalists
CT-11995,2017-09-25,18,3241.898,97,3,5,4,354,12,Loyal Customers
CV-12295,2017-04-20,13,2830.6279999999997,255,1,3,4,134,8,Cant Lose Them
CV-12805,2017-12-25,19,2370.3136,6,5,5,3,553,13,Loyal Customers
CW-11905,2017-12-08,11,1136.592,23,5,3,2,532,10,Loyal Customers
CY-12745,2017-10-31,11,2900.026,61,3,3,4,334,10,Loyal Customers
Co-12640,2016-06-29,8,1300.076,550,1,2,2,122,5,Lost
DA-13450,2017-01-12,8,156.76,353,1,2,1,121,4,Lost
DB-12910,2017-12-09,12,2171.599,22,5,3,3,533,11,Loyal Customers
DB-12970,2017-05-03,14,2839.2272,242,1,4,4,144,9,Cant Lose Them
DB-13060,2017-12-14,13,4531.646,17,5,3,5,535,13,Loyal Customers
DB-13120,2017-11-12,14,2973.094,49,4,4,4,444,12,Champions
DB-13210,2017-12-21,21,2332.577,10,5,5,3,553,13,Loyal Customers
DB-13270,2017-11-07,13,4655.897,54,4,3,5,435,12,Loyal Customers
DB-13360,2017-04-10,6,1081.466,265,1,1,2,112,4,Lost
DB-13405,2017-06-26,14,1711.692,188,2,4,2,242,8,At Risk
DB-13555,2017-09-14,14,3908.8028,108,2,4,4,244,10,At Risk
DB-13615,2017-11-27,11,1989.05,34,4,3,3,433,10,Loyal Customers
DB-13660,2017-12-18,10,1155.202,13,5,2,2,522,9,New Customers
DC-12850,2017-11-23,18,3336.168,38,4,5,4,454,13,Champions
DC-13285,2017-12-07,7,1174.618,24,5,1,2,512,8,New Customers
DD-13570,2017-11-19,9,269.542,42,4,2,1,421,7,New Customers
DE-13255,2016-01-11,9,2550.874,720,1,2,3,123,6,Lost
DF-13135,2016-01-30,6,2390.534,701,1,1,3,113,5,Lost
DG-13300,2017-11-28,8,3195.818,33,4,2,4,424,10,New Customers
DH-13075,2017-03-28,23,4932.872,278,1,5,5,155,11,Cant Lose Them
DH-13675,2015-11-15,11,1043.096,777,1,3,2,132,6,Cant Lose Them
DJ-13420,2016-04-02,5,2012.52,638,1,1,3,113,5,Lost
DJ-13510,2017-11-12,13,2501.6879999999996,49,4,3,3,433,10,Loyal Customers
DJ-13630,2017-12-18,8,3356.398,13,5,2,4,524,11,New Customers
DK-12835,2017-12-09,27,3256.48,22,5,5,4,554,14,Champions
DK-12895,2017-11-15,15,4282.176,46,4,4,4,444,12,Champions
DK-12985,2017-12-23,8,1687.04,8,5,2,2,522,9,New Customers
DK-13090,2017-11-18,13,2650.557,43,4,3,3,433,10,Loyal Customers
DK-13150,2017-12-20,5,797.832,11,5,1,1,511,7,New Customers
DK-13225,2017-12-20,19,4802.394,11,5,5,5,555,15,Champions
DK-13375,2017-12-11,23,3318.486,20,5,5,4,554,14,Champions
DL-12865,2017-09-21,14,1503.112,101,3,4,2,342,9,Loyal Customers
DL-12925,2017-11-03,14,3272.2,58,3,4,4,344,11,Loyal Customers
DL-13315,2017-12-08,17,1458.258,23,5,4,2,542,11,Loyal Customers
DL-13330,2017-11-03,8,585.02,58,3,2,1,321,6,Hibernating
DL-13495,2017-10-15,12,3539.322,77,3,3,4,334,10,Loyal Customers
DM-12955,2017-09-07,9,1322.034,115,2,2,2,222,6,Lost
DM-13015,2017-11-03,20,6345.103,58,3,5,5,355,13,Loyal Customers
DM-13345,2017-12-08,13,4074.4719999999998,23,5,3,4,534,12,Loyal Customers
DM-13525,2016-09-05,10,1376.792,482,1,2,2,122,5,Lost
DN-13690,2017-05-27,11,2139.79,218,2,3,3,233,8,At Risk
DO-13435,2017-08-19,13,1300.0315,134,2,3,2,232,7,At Risk
DO-13645,2017-12-04,11,1267.316,27,5,3,2,532,10,Loyal Customers
DP-13000,2017-08-26,17,1050.636,127,2,4,2,242,8,At Risk
DP-13105,2017-12-24,14,2215.002,7,5,4,3,543,12,Loyal Customers
DP-13165,2015-10-10,4,1058.616,813,1,1,2,112,4,Lost
DP-13390,2017-01-06,14,5480.723999999999,359,1,4,5,145,10,Cant Lose Them
DR-12880,2017-12-27,24,6528.034000000001,4,5,5,5,555,15,Champions
DR-12940,2017-11-10,13,8350.868,51,4,3,5,435,12,Loyal Customers
DS-13030,2017-09-28,19,1762.213,94,3,5,3,353,11,Loyal Customers
DS-13180,2017-12-07,20,2881.8128,24,5,5,4,554,14,Champions
DV-13045,2017-12-11,9,1119.483,20,5,2,2,522,9,New Customers
DV-13465,2017-12-01,15,3341.587,30,4,4,4,444,12,Champions
DW-13195,2017-10-22,9,1080.751,70,3,2,2,322,7,Hibernating
DW-13480,2017-05-27,11,5271.628,218,2,3,5,235,10,At Risk
DW-13540,2017-09-23,9,344.08,99,3,2,1,321,6,Hibernating
DW-13585,2017-05-02,10,1204.854,243,1,2,2,122,5,Lost
Dl-13600,2017-09-02,6,755.602,120,2,1,1,211,4,Lost
Dp-13240,2017-10-07,29,7198.7609999999995,85,3,5,5,355,13,Loyal Customers
EA-14035,2017-07-31,25,2846.705,153,2,5,4,254,11,At Risk
EB-13705,2017-11-12,12,3644.978,49,4,3,4,434,11,Loyal Customers
EB-13750,2017-11-25,20,3236.314,36,4,5,4,454,13,Champions
EB-13840,2017-10-01,8,4358.128,91,3,2,5,325,10,Potential Loyalists
EB-13870,2017-09-21,11,2767.219,101,3,3,4,334,10,Loyal Customers
EB-13930,2017-07-22,7,944.6000000000001,162,2,1,1,211,4,Lost
EB-13975,2017-12-30,6,1643.255,1,5,1,2,512,8,New Customers
EB-14110,2017-09-08,11,3071.126,114,2,3,4,234,9,At Risk
EB-14170,2017-10-09,7,1186.326,83,3,1,2,312,6,Hibernating
EC-14050,2017-11-07,7,461.914,54,4,1,1,411,6,New Customers
ED-13885,2017-08-17,14,3484.92,136,2,4,4,244,10,At Risk
EG-13900,2017-12-08,9,1832.02,23,5,2,3,523,10,New Customers
EH-13765,2017-08-17,32,10310.880000000001,136,2,5,5,255,12,At Risk
EH-13945,2017-05-27,17,684.1709999999999,218,2,4,1,241,7,At Risk
EH-13990,2016-11-20,8,825.9499999999999,406,1,2,1,121,4,Lost
EH-14005,2017-12-28,11,1219.53,3,5,3,2,532,10,Loyal Customers
EH-14125,2017-07-31,18,3082.653,153,2,5,4,254,11,At Risk
EH-14185,2017-09-16,8,923.884,106,2,2,1,221,5,Lost
EJ-13720,2017-03-03,8,2162.174,303,1,2,3,123,6,Lost
EJ-14155,2017-11-03,8,2656.691,58,3,2,3,323,8,Potential Loyalists
EK-13795,2017-11-16,4,1303.478,45,4,1,2,412,7,New Customers
EL-13735,2017-10-14,2,124.28,78,3,1,1,311,5,Hibernating
EM-13810,2017-08-20,7,2567.0099999999998,133,2,1,3,213,6,Lost
EM-13825,2017-11-05,16,2339.598,56,3,4,3,343,10,Loyal Customers
EM-13960,2017-08-01,6,933.704,152,2,1,1,211,4,Lost
EM-14065,2017-11-13,6,228.99,48,4,1,1,411,6,New Customers
EM-14095,2017-09-08,10,1041.0420000000001,114,2,2,2,222,6,Lost
EM-14140,2017-11-12,21,4588.436000000001,49,4,5,5,455,14,Champions
EM-14200,2017-07-25,4,366.822,159,2,1,1,211,4,Lost
EN-13780,2017-03-18,9,2199.366,288,1,2,3,123,6,Lost
EP-13915,2017-12-18,31,5478.0608,13,5,5,5,555,15,Champions
ER-13855,2016-11-04,5,1245.788,422,1,1,2,112,4,Lost
ES-14020,2017-11-20,8,3510.4579999999996,41,4,2,4,424,10,New Customers
ES-14080,2017-12-02,20,4657.924,29,4,5,5,455,14,Champions
FA-14230,2017-09-24,17,2984.054,98,3,4,4,344,11,Loyal Customers
FC-14245,2017-10-21,14,3418.742,71,3,4,4,344,11,Loyal Customers
FC-14335,2017-06-29,10,3889.366,185,2,2,4,224,8,Lost
FG-14260,2017-11-26,11,1383.144,35,4,3,2,432,9,Loyal Customers
FH-14275,2017-11-23,21,4256.272,38,4,5,4,454,13,Champions
FH-14350,2017-06-01,14,2271.284,213,2,4,3,243,9,At Risk
FH-14365,2017-12-25,13,6987.196,6,5,3,5,535,13,Loyal Customers
FM-14215,2017-12-23,15,2456.638,8,5,4,3,543,12,Loyal Customers
FM-14290,2017-11-24,20,3736.198,37,4,5,4,454,13,Champions
FM-14380,2017-08-07,14,2523.266,146,2,4,3,243,9,At Risk
FO-14305,2017-11-22,15,2678.438,39,4,4,3,443,11,Loyal Customers
FP-14320,2017-12-07,14,4046.746,24,5,4,4,544,13,Champions
FW-14395,2017-01-02,3,79.75,363,1,1,1,111,3,Lost
GA-14515,2017-08-03,14,3919.7760000000003,150,2,4,4,244,10,At Risk
GA-14725,2017-12-25,22,1398.382,6,5,5,2,552,12,Loyal Customers
GB-14530,2017-10-29,20,1568.44,63,3,5,2,352,10,Loyal Customers
GB-14575,2017-12-17,16,4716.288,14,5,4,5,545,14,Champions
GD-14590,2017-12-25,6,1888.07,6,5,1,3,513,9,New Customers
GG-14650,2017-11-17,24,2224.0,44,4,5,3,453,12,Loyal Customers
GH-14410,2017-10-16,17,2819.4669999999996,76,3,4,4,344,11,Loyal Customers
GH-14425,2017-11-10,10,4172.8460000000005,51,4,2,4,424,10,New Customers
GH-14485,2016-12-08,3,1361.2440000000001,388,1,1,2,112,4,Lost
GH-14665,2017-12-28,3,146.94080000000002,3,5,1,1,511,7,New Customers
GK-14620,2017-09-09,14,6497.27,113,2,4,5,245,11,At Risk
GM-14440,2017-10-08,11,3582.8199999999997,84,3,3,4,334,10,Loyal Customers
GM-14455,2017-12-14,12,3078.624,17,5,3,4,534,12,Loyal Customers
GM-14500,2017-09-15,13,1255.682,107,2,3,2,232,7,At Risk
GM-14680,2017-07-31,11,3163.628,153,2,3,4,234,9,At Risk
GM-14695,2017-09-04,11,6049.966,118,2,3,5,235,10,At Risk
GP-14740,2015-11-26,5,236.53,766,1,1,1,111,3,Lost
GR-14560,2014-11-21,5,1284.38,1136,1,1,2,112,4,Lost
GT-14635,2017-11-04,6,9351.212,57,3,1,5,315,9,Hibernating
GT-14710,2017-11-24,29,11820.119999999999,37,4,5,5,455,14,Champions
GT-14755,2017-11-26,7,226.436,35,4,1,1,411,6,New Customers
GW-14605,2017-12-02,9,2189.019,29,4,2,3,423,9,New Customers
GZ-14470,2017-12-23,14,4355.150000000001,8,5,4,5,545,14,Champions
GZ-14545,2017-07-26,5,2454.6220000000003,158,2,1,3,213,6,Lost
HA-14905,2017-10-22,10,2163.3,70,3,2,3,323,8,Potential Loyalists
HA-14920,2017-12-10,18,2584.158,21,5,5,3,553,13,Loyal Customers
HD-14785,2015-11-22,7,251.36,770,1,1,1,111,3,Lost
HE-14800,2017-12-18,11,883.5319999999999,13,5,3,1,531,9,Loyal Customers
HF-14995,2017-12-09,19,2533.1639999999998,22,5,5,3,553,13,Loyal Customers
HG-14845,2017-11-06,10,785.628,55,3,2,1,321,6,Hibernating
HG-14965,2017-12-07,17,3247.642,24,5,4,4,544,13,Champions
HG-15025,2017-12-24,11,3690.284,7,5,3,4,534,12,Loyal Customers
HH-15010,2017-10-19,6,218.668,73,3,1,1,311,5,Hibernating
HJ-14875,2017-08-26,6,358.1,127,2,1,1,211,4,Lost
HK-14890,2017-08-01,15,4877.784,152,2,4,5,245,11,At Risk
HL-15040,2017-11-17,11,12873.297999999999,44,4,3,5,435,12,Loyal Customers
HM-14860,2017-12-28,20,8236.7648,3,5,5,5,555,15,Champions
HM-14980,2017-04-27,7,736.276,248,1,1,1,111,3,Lost
HP-14815,2017-11-30,10,1990.314,31,4,2,3,423,9,New Customers
HR-14770,2017-12-17,13,1299.288,14,5,3,2,532,10,Loyal Customers
HR-14830,2017-07-24,14,5248.787,160,2,4,5,245,11,At Risk
HW-14935,2017-09-04,20,9300.254,118,2,5,5,255,12,At Risk
HZ-14950,2017-11-25,6,886.52,36,4,1,1,411,6,New Customers
IG-15085,2017-10-20,7,744.574,72,3,1,1,311,5,Hibernating
IL-15100,2017-08-10,14,5040.736,143,2,4,5,245,11,At Risk
IM-15055,2016-11-16,4,2872.63,410,1,1,4,114,6,Lost
IM-15070,2016-12-05,21,4930.474,391,1,5,5,155,11,Cant Lose Them
JA-15970,2017-09-29,24,6491.026,93,3,5,5,355,13,Loyal Customers
JB-15400,2017-12-23,16,1791.605,8,5,4,3,543,12,Loyal Customers
JB-15925,2015-12-24,8,900.552,738,1,2,1,121,4,Lost
JB-16000,2017-11-17,7,644.1188,44,4,1,1,411,6,New Customers
JB-16045,2017-12-23,9,2518.115,8,5,2,3,523,10,New Customers
JC-15340,2017-09-07,4,71.263,115,2,1,1,211,4,Lost
JC-15385,2017-07-08,4,1058.108,176,2,1,2,212,5,Lost
JC-15775,2017-07-25,16,2772.055,159,2,4,4,244,10,At Risk
JC-16105,2017-11-03,9,858.576,58,3,2,1,321,6,Hibernating
JD-15790,2017-09-04,7,2152.352,118,2,1,3,213,6,Lost
JD-15895,2016-12-01,32,7610.8640000000005,395,1,5,5,155,11,Cant Lose Them
JD-16015,2017-09-09,11,385.43,113,2,3,1,231,6,At Risk
JD-16060,2017-03-05,6,695.442,301,1,1,1,111,3,Lost
JD-16150,2017-11-19,17,8828.0305,42,4,4,5,445,13,Champions
JE-15475,2017-06-20,13,1388.682,194,2,3,2,232,7,At Risk
JE-15610,2017-11-12,20,7754.976,49,4,5,5,455,14,Champions
JE-15715,2017-11-14,22,8697.842999999999,47,4,5,5,455,14,Champions
JE-15745,2017-11-09,23,6760.8150000000005,52,4,5,5,455,14,Champions
JE-16165,2017-12-10,7,2697.248,21,5,1,3,513,9,New Customers
JF-15190,2017-10-26,19,2279.5860000000002,66,3,5,3,353,11,Loyal Customers
JF-15295,2017-05-19,14,955.124,226,1,4,1,141,6,Cant Lose Them
JF-15355,2017-09-16,16,1911.844,106,2,4,3,243,9,At Risk
JF-15415,2017-12-28,14,2371.448,3,5,4,3,543,12,Loyal Customers
JF-15490,2017-08-31,15,1082.918,122,2,4,2,242,8,At Risk
JF-15565,2017-11-06,16,4198.332,55,3,4,4,344,11,Loyal Customers
JG-15115,2015-12-03,7,2358.676,759,1,1,3,113,5,Lost
JG-15160,2017-12-29,18,6366.392,2,5,5,5,555,15,Champions
JG-15310,2017-12-28,11,2240.58,3,5,3,3,533,11,Loyal Customers
JG-15805,2017-05-21,9,1507.018,224,2,2,2,222,6,Lost
JH-15430,2017-12-25,7,309.281,6,5,1,1,511,7,New Customers
JH-15820,2017-07-09,8,528.91,175,2,2,1,221,5,Lost
JH-15910,2017-11-19,9,959.477,42,4,2,1,421,7,New Customers
JH-15985,2017-12-01,14,7954.9980000000005,30,4,4,5,445,13,Champions
JH-16180,2016-11-21,5,2256.3940000000002,405,1,1,3,113,5,Lost
JJ-15445,2016-09-03,6,709.178,484,1,1,1,111,3,Lost
JJ-15760,2015-12-08,3,195.0,754,1,1,1,111,3,Lost
JK-15205,2017-10-30,13,4427.142,62,3,3,5,335,11,Loyal Customers
JK-15325,2017-03-18,4,383.812,288,1,1,1,111,3,Lost
JK-15370,2017-11-16,17,2709.632,45,4,4,3,443,11,Loyal Customers
JK-15625,2017-10-30,12,3760.028,62,3,3,4,334,10,Loyal Customers
JK-15640,2017-07-03,12,4760.434,181,2,3,5,235,10,At Risk
JK-15730,2017-10-07,20,4867.2,85,3,5,5,355,13,Loyal Customers
JK-16090,2017-12-02,9,3747.668,29,4,2,4,424,10,New Customers
JK-16120,2017-09-04,17,2932.484,118,2,4,4,244,10,At Risk
JL-15130,2017-12-22,12,1214.956,9,5,3,2,532,10,Loyal Customers
JL-15175,2017-12-24,7,1571.523,7,5,1,2,512,8,New Customers
JL-15235,2017-09-02,10,2203.7,120,2,2,3,223,7,Lost
JL-15505,2017-11-11,17,3173.874,50,4,4,4,444,12,Champions
JL-15835,2017-12-09,34,9799.923,22,5,5,5,555,15,Champions
JL-15850,2016-04-25,11,2725.256,615,1,3,3,133,7,Cant Lose Them
JM-15250,2017-11-23,19,3159.1220000000003,38,4,5,4,454,13,Champions
JM-15265,2017-11-23,13,1804.146,38,4,3,3,433,10,Loyal Customers
JM-15535,2017-09-19,10,1733.443,103,3,2,2,322,7,Hibernating
JM-15580,2017-12-30,7,303.948,1,5,1,1,511,7,New Customers
JM-15655,2017-12-22,12,864.947,9,5,3,1,531,9,Loyal Customers
JM-15865,2017-09-12,13,7625.076000000001,110,2,3,5,235,10,At Risk
JM-16195,2017-11-03,19,2833.9260000000004,58,3,5,4,354,12,Loyal Customers
JO-15145,2017-11-03,13,3254.949,58,3,3,4,334,10,Loyal Customers
JO-15280,2017-09-29,11,1934.272,93,3,3,3,333,9,Loyal Customers
JO-15550,2017-05-29,11,1090.838,216,2,3,2,232,7,At Risk
JP-15460,2017-11-23,15,1669.135,38,4,4,2,442,10,Loyal Customers
JP-15520,2017-12-22,16,3635.594,9,5,4,4,544,13,Champions
JP-16135,2017-09-19,13,1707.71,103,3,3,2,332,8,Loyal Customers
JR-15670,2016-05-16,3,1156.658,594,1,1,2,112,4,Lost
JR-15700,2017-10-23,1,863.88,69,3,1,1,311,5,Hibernating
JR-16210,2017-11-27,10,2201.686,34,4,2,3,423,9,New Customers
JS-15595,2017-09-02,8,1417.654,120,2,2,2,222,6,Lost
JS-15685,2017-11-18,11,1131.0639999999999,43,4,3,2,432,9,Loyal Customers
JS-15880,2016-07-14,9,3868.02,535,1,2,4,124,7,Lost
JS-15940,2016-09-23,8,469.169,464,1,2,1,121,4,Lost
JS-16030,2017-12-02,18,2516.494,29,4,5,3,453,12,Loyal Customers
JW-15220,2017-11-18,14,7721.714,43,4,4,5,445,13,Champions
JW-15955,2017-12-25,11,1244.086,6,5,3,2,532,10,Loyal Customers
JW-16075,2016-09-25,7,1428.731,462,1,1,2,112,4,Lost
KA-16525,2017-11-24,11,1519.506,37,4,3,2,432,9,Loyal Customers
KB-16240,2017-12-26,10,3152.6150000000002,5,5,2,4,524,11,New Customers
KB-16315,2017-03-09,22,1569.464,297,1,5,2,152,8,Cant Lose Them
KB-16405,2017-09-04,9,908.821,118,2,2,1,221,5,Lost
KB-16585,2017-05-14,23,2744.742,231,1,5,3,153,9,Cant Lose Them
KB-16600,2017-12-29,9,983.922,2,5,2,2,522,9,New Customers
KC-16255,2016-11-18,10,2120.954,408,1,2,3,123,6,Lost
KC-16540,2017-09-24,5,3908.262,98,3,1,4,314,8,Hibernating
KC-16675,2017-11-03,7,1146.05,58,3,1,2,312,6,Hibernating
KD-16270,2016-09-02,16,8282.358,485,1,4,5,145,10,Cant Lose Them
KD-16345,2017-11-19,10,1888.964,42,4,2,3,423,9,New Customers
KD-16495,2017-09-09,28,8181.256,113,2,5,5,255,12,At Risk
KD-16615,2017-03-16,13,2243.5099999999998,290,1,3,3,133,7,Cant Lose Them
KE-16420,2017-12-04,15,1686.7312,27,5,4,2,542,11,Loyal Customers
KF-16285,2017-09-24,18,10604.266,98,3,5,5,355,13,Loyal Customers
KH-16330,2017-11-20,18,3312.864,41,4,5,4,454,13,Champions
KH-16360,2017-12-29,14,3100.612,2,5,4,4,544,13,Champions
KH-16510,2017-12-08,23,5952.859,23,5,5,5,555,15,Champions
KH-16630,2017-11-02,17,3918.9660000000003,59,3,4,4,344,11,Loyal Customers
KH-16690,2017-12-28,15,5990.799,3,5,4,5,545,14,Champions
KL-16555,2017-12-14,22,5016.488,17,5,5,5,555,15,Champions
KL-16645,2017-11-13,29,14175.229000000001,48,4,5,5,455,14,Champions
KM-16225,2017-12-16,19,2260.958,15,5,5,3,553,13,Loyal Customers
KM-16375,2017-11-04,20,5620.186,57,3,5,5,355,13,Loyal Customers
KM-16660,2017-12-15,9,453.538,16,5,2,1,521,8,New Customers
KM-16720,2017-12-02,28,4909.472,29,4,5,5,455,14,Champions
KN-16390,2017-12-11,17,2617.272,20,5,4,3,543,12,Loyal Customers
KN-16450,2017-11-08,8,2171.962,53,4,2,3,423,9,New Customers
KN-16705,2017-09-23,15,2280.58,99,3,4,3,343,10,Loyal Customers
KS-16300,2017-03-10,4,88.472,296,1,1,1,111,3,Lost
KT-16465,2016-12-04,14,3057.1,392,1,4,4,144,9,Cant Lose Them
KT-16480,2017-09-21,13,4642.088400000001,101,3,3,5,335,11,Loyal Customers
KW-16435,2017-09-25,10,4416.5199999999995,97,3,2,5,325,10,Potential Loyalists
KW-16570,2015-11-20,5,449.096,772,1,1,1,111,3,Lost
LA-16780,2017-07-29,26,8673.222,155,2,5,5,255,12,At Risk
LB-16735,2017-11-12,3,50.188,49,4,1,1,411,6,New Customers
LB-16795,2017-07-31,24,4985.676,153,2,5,5,255,12,At Risk
LC-16870,2017-12-03,30,2580.7039999999997,28,4,5,3,453,12,Loyal Customers
LC-16885,2017-12-14,23,7663.126,17,5,5,5,555,15,Champions
LC-16930,2017-11-19,14,4492.946,42,4,4,5,445,13,Champions
LC-16960,2016-10-20,7,3246.626,437,1,1,4,114,6,Lost
LC-17050,2017-11-06,9,2095.064,55,3,2,3,323,8,Potential Loyalists
LC-17140,2017-12-17,19,2633.582,14,5,5,3,553,13,Loyal Customers
LD-16855,2016-06-26,1,5.304,553,1,1,1,111,3,Lost
LD-17005,2016-11-11,7,1961.934,415,1,1,3,113,5,Lost
LE-16810,2017-12-09,9,1469.45,22,5,2,2,522,9,New Customers
LF-17185,2017-12-08,16,3930.5089999999996,23,5,4,4,544,13,Champions
LH-16750,2017-08-01,3,287.426,152,2,1,1,211,4,Lost
LH-16900,2017-12-09,15,2295.332,22,5,4,3,543,12,Loyal Customers
LH-17020,2017-05-05,6,318.239,240,1,1,1,111,3,Lost
LH-17155,2016-12-10,19,1739.689,386,1,5,3,153,9,Cant Lose Them
LL-16840,2017-04-25,12,2741.2039999999997,250,1,3,3,133,7,Cant Lose Them
LM-17065,2016-12-04,7,1346.774,392,1,1,2,112,4,Lost
LO-17170,2017-12-28,9,644.35,3,5,2,1,521,8,New Customers
LP-17080,2017-11-20,9,756.606,41,4,2,1,421,7,New Customers
LP-17095,2017-12-21,15,3653.399,10,5,4,4,544,13,Champions
LR-16915,2017-12-04,16,5142.892,27,5,4,5,545,14,Champions
LR-17035,2017-08-20,12,1879.306,133,2,3,3,233,8,At Risk
LS-16945,2017-07-05,14,2845.27,179,2,4,4,244,10,At Risk
LS-16975,2017-12-10,22,2988.674,21,5,5,4,554,14,Champions
LS-17200,2017-09-25,14,1010.2560000000001,97,3,4,2,342,9,Loyal Customers
LS-17230,2015-11-14,6,368.88000000000005,778,1,1,1,111,3,Lost
LS-17245,2017-11-26,12,1008.1360000000001,35,4,3,2,432,9,Loyal Customers
LT-16765,2017-12-04,3,329.876,27,5,1,1,511,7,New Customers
LT-17110,2017-11-26,14,2936.252,35,4,4,4,444,12,Champions
LW-16825,2017-10-03,15,2238.061,89,3,4,3,343,10,Loyal Customers
LW-16990,2017-11-27,11,3230.308,34,4,3,4,434,11,Loyal Customers
LW-17125,2017-06-08,5,1259.04,206,2,1,2,212,5,Lost
LW-17215,2017-12-09,15,5420.514,22,5,4,5,545,14,Champions
MA-17560,2017-10-27,34,4299.161,65,3,5,5,355,13,Loyal Customers
MA-17995,2017-06-27,12,2453.284,187,2,3,3,233,8,At Risk
MB-17305,2017-11-12,19,1548.702,49,4,5,2,452,11,Loyal Customers
MB-18085,2017-11-16,10,1428.231,45,4,2,2,422,8,New Customers
MC-17275,2017-10-15,13,2725.982,77,3,3,3,333,9,Loyal Customers
MC-17425,2016-11-26,10,4432.138,400,1,2,5,125,8,Lost
MC-17575,2017-12-03,11,1303.893,28,4,3,2,432,9,Loyal Customers
MC-17590,2017-11-09,17,2426.067,52,4,4,3,443,11,Loyal Customers
MC-17605,2017-09-09,18,2258.192,113,2,5,3,253,10,At Risk
MC-17635,2017-06-24,8,795.154,190,2,2,1,221,5,Lost
MC-17845,2017-12-29,14,3805.714,2,5,4,4,544,13,Champions
MC-18100,2017-11-19,19,2218.98,42,4,5,3,453,12,Loyal Customers
MC-18130,2016-12-26,11,1581.9979999999998,370,1,3,2,132,6,Cant Lose Them
MD-17350,2017-09-04,17,3766.382,118,2,4,4,244,10,At Risk
MD-17860,2017-11-24,8,1204.91,37,4,2,2,422,8,New Customers
ME-17320,2017-11-18,22,10663.728000000001,43,4,5,5,455,14,Champions
ME-17725,2017-12-02,13,1908.4532,29,4,3,3,433,10,Loyal Customers
ME-18010,2017-09-29,6,1256.944,93,3,1,2,312,6,Hibernating
MF-17665,2016-11-04,8,937.039,422,1,2,1,121,4,Lost
MF-18250,2017-12-23,12,1758.3,8,5,3,3,533,11,Loyal Customers
MG-17650,2017-12-01,14,3785.276,30,4,4,4,444,12,Champions
MG-17680,2017-09-29,10,2350.188,93,3,2,3,323,8,Potential Loyalists
MG-17695,2016-06-23,7,1342.282,556,1,1,2,112,4,Lost
MG-17875,2017-09-05,7,1242.8329999999999,117,2,1,2,212,5,Lost
MG-17890,2017-09-22,13,776.384,100,3,3,1,331,7,Loyal Customers
MG-18145,2017-10-07,8,3061.543,85,3,2,4,324,9,Potential Loyalists
MG-18205,2017-04-10,2,16.739,265,1,1,1,111,3,Lost
MH-17290,2017-09-02,13,2394.025,120,2,3,3,233,8,At Risk
MH-17440,2016-12-19,9,400.016,377,1,2,1,121,4,Lost
MH-17455,2017-10-06,11,2456.1820000000002,86,3,3,3,333,9,Loyal Customers
MH-17620,2017-07-28,6,1252.8,156,2,1,2,212,5,Lost
MH-17785,2017-09-23,11,2203.7780000000002,99,3,3,3,333,9,Loyal Customers
MH-18025,2017-11-11,10,2984.948,50,4,2,4,424,10,New Customers
MH-18115,2017-12-25,22,5503.093,6,5,5,5,555,15,Champions
MJ-17740,2017-12-08,15,6320.746,23,5,4,5,545,14,Champions
MK-17905,2017-12-02,17,2302.368,29,4,4,3,443,11,Loyal Customers
MK-18160,2017-05-04,11,1031.602,241,1,3,2,132,6,Cant Lose Them
ML-17395,2017-10-22,20,2722.843,70,3,5,3,353,11,Loyal Customers
ML-17410,2017-11-06,15,2921.5,55,3,4,4,344,11,Loyal Customers
ML-17755,2017-12-01,13,2071.9139999999998,30,4,3,3,433,10,Loyal Customers
ML-18040,2017-10-12,4,742.082,80,3,1,1,311,5,Hibernating
ML-18265,2017-09-21,3,162.232,101,3,1,1,311,5,Hibernating
MM-17260,2017-07-15,6,1314.023,169,2,1,2,212,5,Lost
MM-17920,2017-12-23,16,3794.0800000000004,8,5,4,4,544,13,Champions
MM-18055,2017-10-30,19,2749.881,62,3,5,3,353,11,Loyal Customers
MM-18280,2017-10-06,12,775.414,86,3,3,1,331,7,Loyal Customers
MN-17935,2017-11-26,10,2477.946,35,4,2,3,423,9,New Customers
MO-17500,2017-10-19,5,922.487,73,3,1,1,311,5,Hibernating
MO-17800,2017-09-17,11,1687.0269999999998,105,2,3,2,232,7,At Risk
MO-17950,2017-07-03,4,154.288,181,2,1,1,211,4,Lost
MP-17470,2016-01-11,14,3206.132,720,1,4,4,144,9,Cant Lose Them
MP-17965,2017-10-19,20,3983.6420000000003,73,3,5,4,354,12,Loyal Customers
MP-18175,2017-12-14,19,5087.92,17,5,5,5,555,15,Champions
MR-17545,2017-08-27,6,639.178,126,2,1,1,211,4,Lost
MS-17365,2017-04-01,24,7443.6900000000005,274,1,5,5,155,11,Cant Lose Them
MS-17530,2016-10-22,7,475.65599999999995,435,1,1,1,111,3,Lost
MS-17710,2016-11-12,15,1613.402,414,1,4,2,142,7,Cant Lose Them
MS-17770,2017-08-31,19,3144.678,122,2,5,4,254,11,At Risk
MS-17830,2016-10-04,5,370.348,453,1,1,1,111,3,Lost
MS-17980,2017-12-04,11,855.116,27,5,3,1,531,9,Loyal Customers
MT-17815,2017-11-11,10,2890.139,50,4,2,4,424,10,New Customers
MT-18070,2017-06-10,11,1319.4498,204,2,3,2,232,7,At Risk
MV-17485,2017-12-03,15,1560.05,28,4,4,2,442,10,Loyal Customers
MV-18190,2017-12-11,11,1734.574,20,5,3,2,532,10,Loyal Customers
MW-18220,2017-12-13,14,5341.900000000001,18,5,4,5,545,14,Champions
MW-18235,2017-11-16,3,5253.876,45,4,1,5,415,10,New Customers
MY-17380,2017-12-01,13,2254.285,30,4,3,3,433,10,Loyal Customers
MY-18295,2017-10-20,21,4152.696,72,3,5,4,354,12,Loyal Customers
MZ-17335,2017-11-30,6,593.606,31,4,1,1,411,6,New Customers
MZ-17515,2017-03-23,10,2564.906,283,1,2,3,123,6,Lost
NB-18580,2014-10-22,2,273.87199999999996,1166,1,1,1,111,3,Lost
NB-18655,2017-12-11,17,1972.599,20,5,4,3,543,12,Loyal Customers
NC-18340,2017-05-20,17,2461.404,225,2,4,3,243,9,At Risk
NC-18415,2017-11-19,14,2218.9900000000002,42,4,4,3,443,11,Loyal Customers
NC-18535,2017-12-24,15,8241.739,7,5,4,5,545,14,Champions
NC-18625,2017-06-09,9,1821.742,205,2,2,3,223,7,Lost
ND-18370,2017-12-03,18,4326.139,28,4,5,5,455,14,Champions
ND-18460,2017-06-30,8,2893.455,184,2,2,4,224,8,Lost
NF-18385,2017-10-12,14,8322.826,80,3,4,5,345,12,Loyal Customers
NF-18475,2016-07-23,4,377.16200000000003,526,1,1,1,111,3,Lost
NF-18595,2017-09-07,12,2031.472,115,2,3,3,233,8,At Risk
NG-18355,2017-11-12,16,1869.58,49,4,4,3,443,11,Loyal Customers
NG-18430,2017-11-12,9,1395.9379999999999,49,4,2,2,422,8,New Customers
NH-18610,2017-06-24,11,2673.29,190,2,3,3,233,8,At Risk
NK-18490,2017-10-21,11,572.048,71,3,3,1,331,7,Loyal Customers
NL-18310,2017-11-02,10,1418.0900000000001,59,3,2,2,322,7,Hibernating
NM-18445,2017-07-23,14,6459.344,161,2,4,5,245,11,At Risk
NM-18520,2017-04-30,15,2161.979,245,1,4,3,143,8,Cant Lose Them
NP-18325,2017-12-05,21,5529.62,26,5,5,5,555,15,Champions
NP-18670,2017-11-02,10,3908.402,59,3,2,4,324,9,Potential Loyalists
NP-18685,2016-11-19,7,1228.698,407,1,1,2,112,4,Lost
NP-18700,2017-08-14,13,7903.1825,139,2,3,5,235,10,At Risk
NR-18550,2017-06-03,13,2367.277,211,2,3,3,233,8,At Risk
NS-18505,2017-12-24,15,2575.863,7,5,4,3,543,12,Loyal Customers
NS-18640,2017-07-09,26,2964.823,175,2,5,4,254,11,At Risk
NW-18400,2017-07-11,22,7234.014,173,2,5,5,255,12,At Risk
NZ-18565,2017-10-06,20,2488.31,86,3,5,3,353,11,Loyal Customers
ON-18715,2016-11-15,15,1567.52,411,1,4,2,142,7,Cant Lose Them
OT-18730,2017-10-26,10,3818.624,66,3,2,4,324,9,Potential Loyalists
PA-19060,2017-09-18,7,729.408,104,3,1,1,311,5,Hibernating
PB-18805,2017-12-05,10,740.356,26,5,2,1,521,8,New Customers
PB-19105,2017-11-03,5,688.324,58,3,1,1,311,5,Hibernating
PB-19150,2017-09-24,11,1456.95,98,3,3,2,332,8,Loyal Customers
PB-19210,2016-02-11,2,132.738,689,1,1,1,111,3,Lost
PC-18745,2017-12-28,5,1832.064,3,5,1,3,513,9,New Customers
PC-19000,2015-08-01,3,1061.488,883,1,1,2,112,4,Lost
PF-19120,2015-09-17,19,9062.864,836,1,5,5,155,11,Cant Lose Them
PF-19165,2017-06-17,10,2770.0,197,2,2,4,224,8,Lost
PF-19225,2017-09-07,10,2206.1279999999997,115,2,2,3,223,7,Lost
PG-18820,2017-11-24,26,3086.907,37,4,5,4,454,13,Champions
PG-18895,2017-11-03,17,1987.164,58,3,4,3,343,10,Loyal Customers
PH-18790,2017-10-21,2,729.648,71,3,1,1,311,5,Hibernating
PJ-18835,2017-11-21,13,1220.09,40,4,3,2,432,9,Loyal Customers
PJ-19015,2017-08-18,10,1824.2340000000002,135,2,2,3,223,7,Lost
PK-18910,2016-09-03,3,1441.152,484,1,1,2,112,4,Lost
PK-19075,2017-12-21,25,8646.934,10,5,5,5,555,15,Champions
PL-18925,2017-12-15,8,239.481,16,5,2,1,521,8,New Customers
PM-18940,2016-12-09,4,1405.402,387,1,1,2,112,4,Lost
PM-19135,2017-11-09,7,4115.662,52,4,2,4,424,10,New Customers
PN-18775,2017-11-30,13,1467.152,31,4,3,2,432,9,Loyal Customers
PO-18850,2017-12-26,22,7473.8282,5,5,5,5,555,15,Champions
PO-18865,2017-12-30,13,2493.214,1,5,3,3,533,11,Loyal Customers
PO-19180,2017-07-23,18,4893.043,161,2,5,5,255,12,At Risk
PO-19195,2017-10-05,10,1056.858,87,3,3,2,332,8,Loyal Customers
PP-18955,2017-09-24,34,7252.608,98,3,5,5,355,13,Loyal Customers
PR-18880,2017-11-24,12,1840.178,37,4,3,3,433,10,Loyal Customers
PS-18760,2017-09-14,21,2181.479,108,2,5,3,253,10,At Risk
PS-18970,2017-10-22,13,1278.639,70,3,3,2,332,8,Loyal Customers
PS-19045,2017-05-08,13,6843.634,237,1,3,5,135,9,Cant Lose Them
PT-19090,2017-10-20,7,160.572,72,3,2,1,321,6,Hibernating
PV-18985,2017-10-02,13,2876.046,90,3,3,4,334,10,Loyal Customers
PW-19030,2017-11-14,13,3454.916,47,4,3,4,434,11,Loyal Customers
PW-19240,2016-09-22,12,3922.4150000000004,465,1,3,4,134,8,Cant Lose Them
QJ-19255,2017-12-05,13,6108.338,26,5,3,5,535,13,Loyal Customers
RA-19285,2017-12-25,17,2617.906,6,5,4,3,543,12,Loyal Customers
RA-19885,2017-11-17,15,3832.314,44,4,4,4,444,12,Champions
RA-19915,2017-12-18,22,4793.543,13,5,5,5,555,15,Champions
RA-19945,2017-10-30,9,1686.9225,62,3,2,2,322,7,Hibernating
RB-19330,2017-10-23,6,1008.1959999999999,69,3,1,2,312,6,Hibernating
RB-19360,2017-09-25,18,15117.339,97,3,5,5,355,13,Loyal Customers
RB-19435,2017-12-11,16,2663.0860000000002,20,5,4,3,543,12,Loyal Customers
RB-19465,2017-12-21,23,4715.466,10,5,5,5,555,15,Champions
RB-19570,2017-12-05,9,528.546,26,5,2,1,521,8,New Customers
RB-19645,2016-03-22,7,221.084,649,1,2,1,121,4,Lost
RB-19705,2017-11-06,7,2067.45,55,3,2,3,323,8,Potential Loyalists
RB-19795,2017-11-28,18,5633.316000000001,33,4,5,5,455,14,Champions
RC-19825,2016-12-26,10,966.409,370,1,3,2,132,6,Cant Lose Them
RC-19960,2017-09-11,11,885.752,111,2,3,1,231,6,At Risk
RD-19480,2017-10-19,15,4272.93,73,3,4,4,344,11,Loyal Customers
RD-19585,2017-07-03,19,2912.8940000000002,181,2,5,4,254,11,At Risk
RD-19660,2017-09-07,5,2786.632,115,2,1,4,214,7,Lost
RD-19720,2017-12-09,20,1419.737,22,5,5,2,552,12,Loyal Customers
RD-19810,2017-12-16,16,1137.616,15,5,4,2,542,11,Loyal Customers
RD-19900,2017-09-07,21,3133.924,115,2,5,4,254,11,At Risk
RD-19930,2017-11-18,10,970.9420000000001,43,4,3,2,432,9,Loyal Customers
RE-19405,2014-12-29,1,48.36,1098,1,1,1,111,3,Lost
RE-19450,2017-03-03,9,876.696,303,1,2,1,121,4,Lost
RF-19345,2016-12-05,16,3309.15,391,1,4,4,144,9,Cant Lose Them
RF-19735,2017-10-02,14,2341.2960000000003,90,3,4,3,343,10,Loyal Customers
RF-19840,2017-12-24,11,945.222,7,5,3,1,531,9,Loyal Customers
RH-19495,2017-11-28,8,3621.3759999999997,33,4,2,4,424,10,New Customers
RH-19510,2016-09-19,12,6979.18,468,1,3,5,135,9,Cant Lose Them
RH-19555,2016-07-29,3,740.382,520,1,1,1,111,3,Lost
RH-19600,2016-07-14,11,2085.7400000000002,535,1,3,3,133,7,Cant Lose Them
RK-19300,2017-09-02,8,1460.192,120,2,2,2,222,6,Lost
RL-19615,2017-08-31,24,6234.91,122,2,5,5,255,12,At Risk
RM-19375,2017-01-19,9,1453.474,346,1,2,2,122,5,Lost
RM-19675,2017-12-24,11,5979.0960000000005,7,5,3,5,535,13,Loyal Customers
RM-19750,2017-03-06,2,98.35,300,1,1,1,111,3,Lost
RO-19780,2017-11-25,12,3815.478,36,4,3,4,434,11,Loyal Customers
RP-19270,2016-08-21,12,954.6452,497,1,3,1,131,5,Cant Lose Them
RP-19390,2017-11-27,25,5153.084,34,4,5,5,455,14,Champions
RP-19855,2017-12-02,15,2170.716,29,4,4,3,443,11,Loyal Customers
RR-19315,2017-12-11,4,615.932,20,5,1,1,511,7,New Customers
RR-19525,2017-07-13,10,3302.2619999999997,171,2,3,4,234,9,At Risk
RS-19420,2017-10-15,9,3221.29,77,3,2,4,324,9,Potential Loyalists
RS-19765,2017-11-24,14,4159.7699999999995,37,4,4,4,444,12,Champions
RS-19870,2017-12-11,3,22.328,20,5,1,1,511,7,New Customers
RW-19540,2017-09-01,23,7397.401,121,2,5,5,255,12,At Risk
RW-19630,2017-10-02,16,3279.746,90,3,4,4,344,11,Loyal Customers
RW-19690,2017-10-12,15,3495.646,80,3,4,4,344,11,Loyal Customers
SA-20830,2017-10-28,21,4767.3415,64,3,5,5,355,13,Loyal Customers
SB-20170,2017-06-12,7,1348.02,202,2,2,2,222,6,Lost
SB-20185,2017-06-25,12,6410.996,189,2,3,5,235,10,At Risk
SB-20290,2017-11-13,17,8057.891,48,4,4,5,445,13,Champions
SC-20020,2015-11-10,17,3362.9636,782,1,4,4,144,9,Cant Lose Them
SC-20050,2017-11-20,15,4624.572,41,4,4,5,445,13,Champions
SC-20095,2017-01-15,22,14142.333999999999,350,1,5,5,155,11,Cant Lose Them
SC-20230,2017-08-03,11,4371.9580000000005,150,2,3,5,235,10,At Risk
SC-20260,2017-06-26,18,3729.7929999999997,188,2,5,4,254,11,At Risk
SC-20305,2017-12-01,12,3979.065,30,4,3,4,434,11,Loyal Customers
SC-20380,2017-11-30,20,5992.536,31,4,5,5,455,14,Champions
SC-20440,2017-11-24,10,1874.998,37,4,3,3,433,10,Loyal Customers
SC-20575,2017-09-29,7,902.7280000000001,93,3,2,1,321,6,Hibernating
SC-20680,2017-08-26,8,1254.64,127,2,2,2,222,6,Lost
SC-20695,2017-10-02,14,2576.408,90,3,4,3,343,10,Loyal Customers
SC-20725,2017-06-26,26,5226.21,188,2,5,5,255,12,At Risk
SC-20770,2017-11-19,21,4492.657,42,4,5,5,455,14,Champions
SC-20800,2017-11-30,5,279.25600000000003,31,4,1,1,411,6,New Customers
SC-20845,2017-08-21,4,280.632,132,2,1,1,211,4,Lost
SD-20485,2017-06-13,21,6121.114,201,2,5,5,255,12,At Risk
SE-20110,2017-12-21,19,12209.438000000002,10,5,5,5,555,15,Champions
SF-20065,2017-11-01,9,763.5459999999999,60,3,2,1,321,6,Hibernating
SF-20200,2017-11-01,15,3422.7859999999996,60,3,4,4,344,11,Loyal Customers
SF-20965,2017-11-12,17,3336.535,49,4,4,4,444,12,Champions
SG-20080,2017-12-22,11,3406.5809999999997,9,5,3,4,534,12,Loyal Customers
SG-20470,2017-06-30,14,1884.798,184,2,4,3,243,9,At Risk
SG-20605,2017-09-13,13,3124.832,109,2,4,4,244,10,At Risk
SG-20890,2017-05-18,5,47.946,227,1,1,1,111,3,Lost
SH-19975,2017-12-01,29,3406.8395,30,4,5,4,454,13,Champions
SH-20395,2017-12-07,15,2180.718,24,5,4,3,543,12,Loyal Customers
SH-20635,2015-11-26,2,2096.392,766,1,1,3,113,5,Lost
SJ-20125,2017-09-26,24,3949.656,96,3,5,4,354,12,Loyal Customers
SJ-20215,2017-12-01,10,1341.036,30,4,3,2,432,9,Loyal Customers
SJ-20500,2017-04-21,7,1318.776,254,1,2,2,122,5,Lost
SK-19990,2017-12-22,5,883.409,9,5,1,1,511,7,New Customers
SL-20155,2017-10-21,9,3053.012,71,3,2,4,324,9,Potential Loyalists
SM-20005,2016-11-04,6,244.49399999999997,422,1,1,1,111,3,Lost
SM-20320,2017-10-12,15,25043.05,80,3,4,5,345,12,Loyal Customers
SM-20905,2016-05-03,6,1043.041,607,1,1,2,112,4,Lost
SM-20950,2017-12-05,22,5563.392,26,5,5,5,555,15,Champions
SN-20560,2017-09-10,15,1860.418,112,2,4,3,243,9,At Risk
SN-20710,2017-10-12,19,3127.9592,80,3,5,4,354,12,Loyal Customers
SO-20335,2017-12-01,15,2602.5755,30,4,4,3,443,11,Loyal Customers
SP-20545,2017-02-06,10,1306.086,328,1,3,2,132,6,Cant Lose Them
SP-20620,2017-11-13,24,5440.319,48,4,5,5,455,14,Champions
SP-20650,2016-12-09,15,1872.4360000000001,387,1,4,3,143,8,Cant Lose Them
SP-20860,2017-10-12,24,4282.94,80,3,5,5,355,13,Loyal Customers
SP-20920,2017-10-21,14,3990.689,71,3,4,4,344,11,Loyal Customers
SR-20425,2017-12-22,9,3233.481,9,5,2,4,524,11,New Customers
SR-20740,2017-06-17,12,4345.8859999999995,197,2,3,5,235,10,At Risk
SS-20140,2017-12-15,21,1324.028,16,5,5,2,552,12,Loyal Customers
SS-20410,2017-09-11,12,3056.8070000000002,111,2,3,4,234,9,At Risk
SS-20515,2016-08-26,6,613.4,492,1,1,1,111,3,Lost
SS-20590,2016-10-24,9,418.49,433,1,2,1,121,4,Lost
SS-20875,2017-09-01,15,964.636,121,2,4,2,242,8,At Risk
ST-20530,2017-08-27,12,433.34000000000003,126,2,3,1,231,6,At Risk
SU-20665,2017-12-10,18,2595.364,21,5,5,3,553,13,Loyal Customers
SV-20365,2017-09-20,32,11470.949999999999,102,3,5,5,355,13,Loyal Customers
SV-20785,2017-02-13,25,4105.305,321,1,5,4,154,10,Cant Lose Them
SV-20815,2017-10-15,6,1271.0900000000001,77,3,1,2,312,6,Hibernating
SV-20935,2017-12-28,13,1903.491,3,5,4,3,543,12,Loyal Customers
SW-20245,2017-10-10,10,1085.078,82,3,3,2,332,8,Loyal Customers
SW-20275,2017-11-30,7,1966.65,31,4,2,3,423,9,New Customers
SW-20350,2017-07-21,6,1019.044,163,2,1,2,212,5,Lost
SW-20455,2017-07-21,9,2921.544,163,2,2,4,224,8,Lost
SW-20755,2016-07-14,8,758.6959999999999,535,1,2,1,121,4,Lost
SZ-20035,2017-11-25,20,3625.329,36,4,5,4,454,13,Champions
TA-21385,2017-10-22,10,14595.62,70,3,3,5,335,11,Loyal Customers
TB-21055,2017-09-02,18,1467.881,120,2,5,2,252,9,At Risk
TB-21175,2017-11-02,11,3589.296,59,3,3,4,334,10,Loyal Customers
TB-21190,2017-11-11,4,816.1740000000001,50,4,1,1,411,6,New Customers
TB-21250,2017-01-15,19,1602.376,350,1,5,2,152,8,Cant Lose Them
TB-21280,2016-05-26,11,2198.45,584,1,3,3,133,7,Cant Lose Them
TB-21355,2017-08-06,13,834.328,147,2,4,1,241,7,At Risk
TB-21400,2017-06-11,17,9133.99,203,2,4,5,245,11,At Risk
TB-21520,2017-09-14,20,4737.486,108,2,5,5,255,12,At Risk
TB-21595,2017-03-20,7,1387.559,286,1,2,2,122,5,Lost
TB-21625,2017-11-30,15,2797.668,31,4,4,4,444,12,Champions
TC-20980,2016-11-26,12,19052.218,400,1,3,5,135,9,Cant Lose Them
TC-21145,2017-09-15,4,1038.26,107,2,1,2,212,5,Lost
TC-21295,2017-12-03,16,4266.812,28,4,4,4,444,12,Champions
TC-21475,2017-07-30,11,1244.976,154,2,3,2,232,7,At Risk
TC-21535,2017-12-26,10,742.5580000000001,5,5,3,1,531,9,Loyal Customers
TD-20995,2017-11-23,16,1434.5480000000002,38,4,4,2,442,10,Loyal Customers
TG-21310,2017-01-27,9,3058.372,338,1,2,4,124,7,Lost
TG-21640,2017-09-07,10,2074.661,115,2,3,3,233,8,At Risk
TH-21100,2017-01-20,7,2422.824,345,1,2,3,123,6,Lost
TH-21115,2017-11-02,9,2942.772,59,3,2,4,324,9,Potential Loyalists
TH-21235,2017-09-04,13,1022.201,118,2,4,2,242,8,At Risk
TH-21550,2017-10-19,13,4234.0960000000005,73,3,4,4,344,11,Loyal Customers
TM-21010,2017-09-18,19,2955.2259999999997,104,3,5,4,354,12,Loyal Customers
TM-21490,2017-08-22,4,1094.6779999999999,131,2,1,2,212,5,Lost
TN-21040,2017-10-01,12,3130.221,91,3,3,4,334,10,Loyal Customers
TP-21130,2017-12-22,16,4454.0560000000005,9,5,4,5,545,14,Champions
TP-21415,2017-09-17,10,5329.0048,105,2,3,5,235,10,At Risk
TP-21565,2017-01-14,10,1936.6399999999999,351,1,3,3,133,7,Cant Lose Them
TR-21325,2017-06-20,7,675.9419999999999,194,2,2,1,221,5,Lost
TS-21085,2017-01-07,2,4.833,358,1,1,1,111,3,Lost
TS-21160,2016-08-13,17,2163.6240000000003,505,1,4,3,143,8,Cant Lose Them
TS-21205,2017-06-15,19,5371.09,199,2,5,5,255,12,At Risk
TS-21340,2017-05-18,12,974.7819999999999,227,1,3,2,132,6,Cant Lose Them
TS-21370,2017-11-24,15,11891.751,37,4,4,5,445,13,Champions
TS-21430,2017-07-11,7,2054.14,173,2,2,3,223,7,Lost
TS-21505,2017-12-19,14,2243.274,12,5,4,3,543,12,Loyal Customers
TS-21610,2017-11-05,11,2820.424,56,3,3,4,334,10,Loyal Customers
TS-21655,2017-05-06,14,3368.094,239,1,4,4,144,9,Cant Lose Them
TT-21070,2017-11-29,14,4915.602,32,4,4,5,445,13,Champions
TT-21220,2017-06-30,15,1427.0439999999999,184,2,4,2,242,8,At Risk
TT-21265,2016-11-19,3,439.5,407,1,1,1,111,3,Lost
TT-21460,2017-12-18,14,5364.808,13,5,4,5,545,14,Champions
TW-21025,2017-10-27,12,5278.826,65,3,3,5,335,11,Loyal Customers
TZ-21580,2017-11-25,9,1707.286,36,4,2,2,422,8,New Customers
VB-21745,2017-11-06,10,2005.596,55,3,3,3,333,9,Loyal Customers
VD-21670,2016-05-28,16,6442.254,582,1,4,5,145,10,Cant Lose Them
VF-21715,2017-12-17,11,847.944,14,5,3,1,531,9,Loyal Customers
VG-21790,2017-07-29,8,846.01,155,2,2,1,221,5,Lost
VG-21805,2017-03-19,6,427.372,287,1,1,1,111,3,Lost
VM-21685,2017-11-06,12,2454.866,55,3,3,3,333,9,Loyal Customers
VM-21835,2017-09-04,8,380.69,118,2,2,1,221,5,Lost
VP-21730,2017-11-30,5,993.9019999999999,31,4,1,2,412,7,New Customers
VP-21760,2017-10-16,14,3360.526,76,3,4,4,344,11,Loyal Customers
VS-21820,2017-05-23,8,1055.981,222,2,2,2,222,6,Lost
VT-21700,2015-04-05,9,1736.596,1001,1,2,2,122,5,Lost
VW-21775,2017-12-02,18,6134.0380000000005,29,4,5,5,455,14,Champions
WB-21850,2017-12-10,37,6160.102,21,5,5,5,555,15,Champions
XP-21865,2017-11-17,28,2374.658,44,4,5,3,453,12,Loyal Customers
YC-21895,2017-12-26,8,5454.35,5,5,2,5,525,12,New Customers
YS-21880,2017-12-21,12,6720.4439999999995,10,5,3,5,535,13,Loyal Customers
ZC-21910,2017-11-06,31,8025.707,55,3,5,5,355,13,Loyal Customers
ZD-21925,2017-06-11,9,1493.944,203,2,2,2,222,6,Lost
